order_id,customer_id,store_id,shipping_address_id,promotion_id,order_date,status,order_total
1,1,1,221,18,2025-04-03 03:11:53.000000,completed,259.78
2,5,1,262,,2023-06-29 03:00:40.186768,completed,16.94
3,69,3,217,,2025-04-16 03:16:07.511025,completed,33.27
4,14,1,64,19,2024-05-12 18:08:07.000000,completed,50.85
5,5,1,261,,2023-06-29 03:00:40.186768,completed,105.48
6,7,103,,,2024-07-07 18:38:20.000000,completed,50.82
7,7,42,,,2025-11-15 13:21:45.000000,shipped,33.88
8,104,3,251,183,2025-08-16 22:49:43.002700,completed,258.71
9,56,1,99,,2025-09-03 15:36:05.880569,completed,277.89
10,1,1,221,,2023-06-05 12:35:23.414200,completed,19.55
11,5,1,261,,2025-08-31 20:20:12.000000,completed,26.86
12,22,1,19,,2025-08-05 05:16:55.000000,completed,63.43
13,88,108,50,169,2025-12-01 11:37:32.000000,completed,80.98
14,195,2,8,170,2022-12-16 17:56:18.405858,shipped,121.97
15,68,15,105,,2025-12-08 06:20:10.932654,completed,135.52
16,111,1,16,,2024-10-29 14:14:45.000000,returned,0.0
17,5,24,261,,2023-06-29 03:00:40.186768,returned,47.6
18,2,1,141,,2025-05-09 18:29:20.000000,completed,16.94
19,2,2,141,,2024-05-09 02:12:48.000000,completed,181.61
20,139,11,35,,2024-04-15 08:03:55.000000,completed,0.0
21,13,5,299,,2025-07-28 10:36:05.000000,shipped,0.0
22,100,21,219,,2024-06-15 08:37:26.415089,completed,144.01
23,150,9,300,,2023-09-13 10:14:16.000000,completed,101.64
24,2,1,141,,2025-08-18 16:06:28.000000,cancelled,0.0
25,57,7,230,,2023-03-24 16:46:25.000000,completed,16.33
26,130,1,13,,2025-06-21 22:00:22.872278,returned,79.02
27,4,32,205,77,2025-10-14 18:19:24.841540,returned,54.21
28,16,3,126,,2024-08-12 18:10:36.000000,cancelled,90.29
29,8,1,110,55,2022-07-23 16:24:25.812288,completed,8.47
30,50,1,24,92,2023-03-31 16:06:14.000000,completed,82.97
31,66,1,,41,2023-11-16 09:14:26.000000,cancelled,45.46
32,1,1,221,,2023-08-28 12:29:06.000000,returned,128.42
33,19,1,41,175,2023-08-07 15:52:48.000000,processing,379.55
34,2,7,141,,2025-05-17 19:20:25.000000,completed,5.96
35,122,94,,,2024-08-26 13:45:39.034451,completed,196.18
36,20,12,68,,2023-06-11 01:30:01.985668,returned,118.58
37,58,6,14,,2025-12-04 03:01:30.000000,completed,230.23
38,171,84,148,,2024-06-04 21:11:35.254955,completed,94.69
39,6,15,65,111,2025-05-18 17:04:16.034242,completed,146.08
40,64,1,159,23,2025-05-28 20:09:27.137762,shipped,21.28
41,100,1,214,,2024-07-07 11:00:33.000000,completed,10.19
42,59,15,57,,2024-11-02 11:48:29.760861,completed,131.19
43,5,15,261,125,2024-10-31 16:38:28.000000,completed,170.24
44,10,5,181,85,2025-09-29 17:41:01.582144,shipped,16.94
45,171,3,148,,2025-09-25 16:26:47.000000,completed,0.0
46,196,14,182,,2023-06-21 22:19:29.767509,completed,528.97
47,143,1,,,2025-01-22 11:47:37.832662,completed,60.74
48,9,9,40,,2025-06-18 09:59:36.507522,completed,11.92
49,66,12,,,2024-12-25 11:30:10.000000,completed,43.8
50,1,1,221,,2023-06-05 12:35:23.414200,completed,43.8
51,146,1,138,,2025-09-28 09:48:08.288601,returned,16.94
52,30,13,,,2025-06-17 05:13:52.716996,completed,65.32
53,5,2,261,,2023-10-31 13:53:43.000000,returned,85.11
54,157,5,226,194,2024-11-01 19:43:25.947193,completed,0.0
55,30,1,,123,2025-06-17 05:13:52.716996,completed,593.54
56,93,15,247,,2023-04-20 00:17:58.000000,completed,136.2
57,5,30,262,,2023-06-29 03:00:40.186768,completed,236.26
58,9,5,40,,2025-06-18 09:59:36.507522,cancelled,182.55
59,3,1,276,,2023-05-09 22:34:22.000000,cancelled,131.4
60,147,14,222,174,2025-05-27 17:24:16.382970,completed,60.98
61,7,1,,135,2022-09-17 18:14:00.245204,completed,14.4
62,4,1,205,110,2025-10-14 18:19:24.841540,completed,118.67
63,6,3,65,,2025-05-18 17:04:16.034242,completed,16.94
64,11,4,,,2025-04-01 16:05:23.818770,shipped,9.27
65,110,1,,,2025-03-07 16:34:47.000000,completed,227.51
66,82,1,144,,2023-05-31 13:45:46.000000,completed,442.23
67,26,9,273,,2024-09-14 03:11:27.000000,shipped,443.47
68,10,12,181,,2025-09-29 17:41:01.582144,completed,200.57
69,18,4,63,,2025-10-25 08:05:26.000000,completed,116.29
70,5,6,262,,2023-06-29 03:00:40.186768,completed,282.64
71,7,1,,,2024-09-06 04:55:05.000000,completed,50.82
72,2,30,141,99,2025-06-01 07:12:37.000000,completed,0.0
73,196,19,182,,2024-04-13 19:16:16.000000,completed,53.88
74,1,4,221,200,2025-03-22 16:41:38.000000,completed,133.04
75,12,5,298,,2024-12-01 00:23:49.001405,completed,67.76
76,10,8,181,121,2025-09-29 17:41:01.582144,shipped,30.49
77,11,1,,146,2025-10-03 01:13:55.000000,completed,40.66
78,7,6,,,2024-06-21 16:50:59.000000,completed,476.82
79,3,10,276,141,2023-04-07 18:00:09.000000,completed,45.75
80,107,18,255,83,2023-09-10 21:13:18.000000,completed,0.0
81,118,29,54,153,2024-09-20 14:53:19.198727,completed,13.06
82,14,15,64,,2025-01-05 15:46:15.000000,completed,77.44
83,191,2,,,2024-08-09 20:17:41.000000,shipped,50.45
84,167,6,53,,2023-10-06 00:08:54.410733,completed,0.0
85,6,132,65,183,2025-05-18 17:04:16.034242,completed,114.17
86,2,5,141,,2025-02-27 11:56:00.000000,completed,170.25
87,5,5,262,191,2023-06-29 03:00:40.186768,shipped,33.13
88,132,10,58,,2024-10-04 09:10:44.695285,completed,50.82
89,147,50,222,73,2025-05-27 17:24:16.382970,completed,40.47
90,2,48,141,133,2024-10-13 15:04:41.000000,completed,70.08
91,183,1,96,,2025-01-16 12:38:19.000000,completed,42.88
92,23,1,224,,2025-11-29 21:46:52.929116,completed,124.38
93,59,1,57,123,2024-11-02 11:48:29.760861,completed,69.32
94,157,1,248,,2024-11-01 19:43:25.947193,completed,225.8
95,8,45,162,,2024-06-13 08:24:44.000000,completed,77.07
96,50,4,24,,2024-04-14 13:11:46.000000,completed,159.98
97,8,1,110,111,2025-01-06 08:53:46.000000,completed,271.16
98,4,26,205,3,2025-10-14 18:19:24.841540,returned,77.15
99,168,1,176,37,2024-04-13 09:01:49.697090,completed,12.71
100,137,5,225,167,2025-12-26 06:15:48.424664,returned,13.43
101,192,1,292,38,2025-09-10 04:27:44.258089,cancelled,85.38
102,183,3,172,,2023-11-07 21:04:10.000000,shipped,53.72
103,81,1,285,,2024-09-28 00:07:36.262642,completed,150.29
104,3,1,143,79,2024-10-13 11:09:35.000000,completed,86.66
105,61,23,91,,2024-07-28 16:43:03.411288,completed,453.94
106,6,1,65,,2025-05-18 17:04:16.034242,cancelled,28.88
107,155,24,33,,2025-09-01 22:15:20.000000,completed,151.62
108,69,60,21,,2025-04-16 03:16:07.511025,completed,50.21
109,37,15,266,,2025-01-08 13:53:26.000000,completed,0.0
110,43,2,,64,2025-08-24 19:37:05.189293,shipped,0.0
111,14,11,64,,2024-12-25 19:42:02.000000,completed,134.25
112,9,77,40,,2025-06-18 09:59:36.507522,returned,122.87
113,55,1,30,,2024-10-08 01:44:28.872425,returned,206.12
114,176,1,,55,2025-01-04 22:04:23.000000,completed,16.94
115,2,36,141,,2024-11-29 12:09:30.000000,completed,266.4
116,161,1,192,,2022-08-06 06:08:51.000000,completed,264.08
117,145,4,150,59,2024-01-17 00:33:42.566332,completed,174.41
118,150,3,300,,2024-11-25 09:17:37.000000,completed,158.58
119,65,20,,,2023-06-24 23:24:00.000000,completed,199.49
120,200,2,232,,2024-08-10 07:05:41.000000,completed,16.94
121,4,1,205,,2025-10-14 18:19:24.841540,cancelled,101.64
122,1,1,221,126,2025-11-06 14:47:02.000000,completed,359.33
123,127,5,259,,2025-03-26 04:48:09.000000,completed,253.21
124,11,93,,,2025-04-01 16:05:23.818770,completed,67.76
125,85,32,151,,2023-12-03 18:16:07.000000,completed,64.5
126,58,2,177,,2024-02-26 06:51:13.000000,shipped,67.76
127,151,28,106,127,2025-06-23 02:39:35.391109,completed,0.0
128,4,18,205,,2025-10-14 18:19:24.841540,completed,253.21
129,184,2,,,2024-12-03 13:22:18.000000,completed,50.82
130,5,1,261,,2025-03-18 21:01:31.000000,processing,84.7
131,56,124,67,,2025-09-03 15:36:05.880569,shipped,16.94
132,67,1,229,,2024-07-10 20:37:30.000000,completed,79.56
133,6,1,65,145,2025-05-18 17:04:16.034242,completed,193.66
134,10,11,181,,2025-09-29 17:41:01.582144,completed,70.66
135,3,15,143,180,2025-07-15 20:15:32.000000,completed,67.75
136,14,1,64,,2024-12-22 11:04:38.000000,completed,80.37
137,14,10,64,,2023-11-03 10:52:59.000000,completed,33.88
138,6,1,65,78,2025-05-18 17:04:16.034242,completed,57.88
139,5,10,262,,2024-09-27 03:20:21.000000,returned,96.78
140,2,4,141,145,2025-09-22 19:26:34.000000,completed,124.16
141,43,2,,,2025-08-24 19:37:05.189293,completed,67.76
142,195,36,8,,2025-12-24 13:41:12.000000,shipped,44.75
143,5,6,262,,2025-01-04 15:11:43.000000,completed,36.66
144,3,1,276,,2024-08-15 10:26:19.000000,completed,230.27
145,9,15,40,171,2025-06-18 09:59:36.507522,shipped,214.34
146,200,76,228,14,2025-03-21 07:18:21.000000,completed,42.68
147,148,30,233,49,2025-11-07 17:28:44.907755,completed,126.82
148,8,1,110,,2024-11-23 11:46:10.000000,completed,104.7
149,44,1,191,,2024-12-06 10:23:31.805552,completed,165.61
150,6,13,65,139,2025-12-29 04:40:11.000000,completed,164.02
151,12,38,298,,2024-12-01 00:23:49.001405,cancelled,84.7
152,121,49,25,,2024-02-10 08:13:20.606482,completed,16.94
153,51,1,134,,2024-03-09 20:29:42.000000,completed,50.82
154,45,5,,,2024-09-25 15:38:27.569869,shipped,16.94
155,1,43,221,,2023-06-05 12:35:23.414200,completed,60.74
156,8,2,110,,2022-07-23 16:24:25.812288,completed,111.33
157,1,1,221,,2023-06-05 12:35:23.414200,completed,45.19
158,26,1,273,110,2025-07-18 07:12:11.000000,completed,312.59
159,30,1,,,2025-06-17 05:13:52.716996,cancelled,16.94
160,11,7,,81,2025-04-03 08:09:40.000000,shipped,131.73
161,27,2,198,,2025-06-05 02:09:38.264893,completed,190.29
162,17,3,,,2025-10-07 15:44:12.000000,shipped,0.0
163,49,1,296,,2023-09-18 03:08:09.541006,completed,86.13
164,9,1,40,,2025-06-18 09:59:36.507522,completed,80.37
165,2,25,141,5,2025-05-05 23:15:59.000000,completed,40.39
166,55,1,171,,2024-10-08 01:44:28.872425,completed,101.64
167,4,3,205,120,2025-10-14 18:19:24.841540,completed,149.05
168,175,1,123,30,2024-01-22 21:18:31.377776,shipped,60.39
169,10,2,181,,2025-09-29 17:41:01.582144,completed,63.43
170,5,1,262,,2023-09-16 11:32:42.000000,cancelled,60.13
171,3,1,276,,2023-02-02 10:40:25.000000,completed,10.19
172,41,16,,,2025-12-22 12:11:55.234877,completed,111.9
173,27,1,198,44,2025-06-05 02:09:38.264893,completed,306.15
174,10,1,181,,2025-09-29 17:41:01.582144,shipped,413.31
175,151,106,106,,2025-06-23 02:39:35.391109,completed,33.76
176,11,42,,159,2025-04-01 16:05:23.818770,completed,169.78
177,14,1,64,,2023-05-14 21:32:28.336134,processing,147.72
178,78,53,281,,2024-09-19 13:06:37.900911,completed,108.17
179,147,1,222,,2025-05-27 17:24:16.382970,completed,16.94
180,7,1,,34,2022-09-17 18:14:00.245204,returned,185.2
181,26,6,273,,2023-03-21 12:37:22.198402,completed,80.58
182,8,10,110,17,2023-07-10 06:02:51.000000,completed,33.88
183,178,1,48,,2025-07-03 17:52:11.000000,completed,155.32
184,1,1,221,,2025-09-17 18:41:15.000000,completed,332.11
185,4,106,205,92,2025-10-14 18:19:24.841540,completed,0.0
186,103,14,155,,2025-09-05 09:14:16.430239,returned,38.86
187,160,1,47,,2024-06-19 20:01:52.421423,processing,80.06
188,134,24,77,,2025-05-11 17:00:54.000000,completed,126.98
189,76,1,190,,2025-05-03 11:40:26.000000,returned,89.12
190,14,1,64,113,2023-10-23 11:31:22.000000,completed,39.19
191,15,2,269,168,2024-03-17 04:15:34.000000,completed,36.16
192,9,1,40,164,2025-12-31 23:04:30.000000,completed,27.99
193,90,3,264,,2024-12-29 14:05:55.670893,completed,40.73
194,162,3,,,2025-10-13 22:16:49.000000,shipped,26.86
195,116,4,,,2025-01-05 18:17:12.000000,completed,0.0
196,1,10,221,146,2023-07-07 23:39:24.000000,completed,79.36
197,15,5,269,,2023-01-12 16:06:42.000000,completed,12.18
198,1,6,221,,2024-06-20 10:58:36.000000,completed,61.1
199,184,138,,,2025-01-09 09:06:49.000000,completed,59.36
200,70,1,89,,2025-09-24 16:59:29.000000,completed,193.08
201,16,24,126,,2024-06-08 17:42:02.203040,shipped,33.88
202,13,1,49,53,2024-01-31 05:19:37.000000,completed,40.67
203,21,1,260,116,2023-08-26 20:03:16.000000,completed,30.5
204,26,1,273,188,2025-08-01 16:47:17.000000,returned,43.1
205,41,2,,10,2025-12-22 12:11:55.234877,completed,127.54
206,16,1,126,6,2024-06-08 17:42:02.203040,completed,28.8
207,1,1,221,,2023-07-29 09:05:07.000000,completed,183.04
208,2,1,141,,2023-07-18 20:43:33.133133,shipped,413.48
209,120,1,56,,2025-10-22 00:44:35.000000,completed,87.6
210,4,24,205,,2025-10-14 18:19:24.841540,returned,224.17
211,169,17,158,,2025-02-22 05:16:12.710485,completed,107.44
212,5,3,261,175,2024-04-03 02:53:50.000000,completed,59.1
213,173,3,161,,2022-07-22 04:42:32.000000,completed,141.24
214,5,2,261,,2024-10-26 15:51:06.000000,completed,82.52
215,10,1,181,,2025-09-29 17:41:01.582144,completed,83.48
216,24,24,,,2023-03-15 20:29:56.192293,returned,63.43
217,2,10,141,,2024-09-23 02:46:42.000000,returned,244.82
218,89,57,103,,2022-06-03 02:14:18.088055,completed,104.62
219,136,8,227,,2024-04-06 03:32:53.233791,completed,93.29
220,154,3,104,,2025-10-31 18:59:42.876043,completed,16.94
221,4,1,205,1,2025-10-14 18:19:24.841540,returned,68.81
222,169,57,158,135,2025-02-22 05:16:12.710485,completed,33.18
223,8,17,110,,2022-07-23 16:24:25.812288,completed,90.04
224,5,4,262,46,2023-06-29 03:00:40.186768,completed,274.53
225,69,19,21,101,2025-08-21 07:48:26.000000,completed,219.29
226,127,10,259,,2025-01-06 09:09:15.026892,cancelled,53.72
227,150,2,300,83,2022-11-22 16:01:37.978630,shipped,0.0
228,34,1,59,179,2024-08-25 09:09:32.046242,cancelled,28.28
229,8,2,110,,2025-08-18 18:45:26.000000,completed,165.04
230,133,48,,,2025-10-02 18:54:21.000000,completed,0.0
231,5,2,261,,2025-08-27 20:13:58.000000,completed,165.28
232,1,1,221,,2023-08-25 04:16:02.000000,completed,0.0
233,9,4,40,,2025-06-18 09:59:36.507522,completed,16.94
234,181,4,,,2023-01-12 04:05:29.665294,completed,30.57
235,83,134,108,,2023-07-11 10:35:58.257177,cancelled,129.57
236,5,3,262,,2023-10-23 18:04:45.000000,completed,41.61
237,3,7,276,109,2023-06-18 09:37:47.000000,completed,74.29
238,7,1,,,2022-09-17 18:14:00.245204,completed,111.9
239,4,4,205,,2025-10-14 18:19:24.841540,completed,90.29
240,2,1,141,,2023-07-18 20:43:33.133133,completed,97.31
241,165,1,295,98,2025-07-15 17:00:29.000000,completed,169.67
242,183,35,96,,2023-09-25 21:17:29.272437,completed,128.5
243,61,15,23,,2025-10-20 19:36:57.000000,cancelled,80.37
244,125,1,130,,2024-08-19 06:14:04.457930,shipped,62.88
245,3,1,143,,2023-05-14 07:01:43.000000,completed,0.0
246,2,1,141,12,2024-04-14 01:32:33.000000,completed,80.88
247,4,16,205,138,2025-10-14 18:19:24.841540,completed,5.98
248,69,26,27,184,2025-04-16 03:16:07.511025,processing,202.27
249,33,1,209,,2023-01-05 23:12:23.265867,completed,246.04
250,13,15,299,,2023-12-26 03:48:20.000000,completed,107.15
251,10,8,181,43,2025-09-29 17:41:01.582144,completed,55.92
252,29,6,116,,2024-06-07 11:31:35.000000,completed,114.46
253,61,14,91,163,2024-07-28 16:43:03.411288,cancelled,144.8
254,9,8,40,103,2025-06-18 09:59:36.507522,completed,105.79
255,8,6,110,177,2023-12-10 06:40:11.000000,completed,127.57
256,8,1,162,93,2025-12-10 07:06:33.000000,shipped,35.33
257,8,13,162,,2023-07-05 09:03:49.000000,completed,126.86
258,9,1,40,77,2025-06-18 09:59:36.507522,completed,98.84
259,5,10,261,,2023-06-29 03:00:40.186768,completed,125.56
260,42,1,,,2023-06-21 19:57:16.000000,shipped,206.89
261,27,4,198,,2025-06-05 02:09:38.264893,completed,220.67
262,52,1,140,162,2024-11-14 11:48:42.000000,shipped,149.05
263,186,1,,,2023-06-26 23:35:16.000000,completed,0.0
264,42,5,,,2022-12-07 03:16:53.000000,completed,139.48
265,2,12,141,,2023-07-18 20:43:33.133133,completed,398.31
266,3,1,165,10,2022-11-29 23:18:03.226532,completed,80.43
267,7,1,,,2022-09-17 18:14:00.245204,completed,16.94
268,9,23,40,,2025-06-18 09:59:36.507522,completed,33.88
269,3,2,165,,2022-11-29 23:18:03.226532,completed,16.94
270,154,11,90,,2025-10-31 18:59:42.876043,returned,137.56
271,3,12,276,117,2022-11-29 23:18:03.226532,returned,8.47
272,6,8,65,,2025-05-18 17:04:16.034242,completed,50.82
273,22,15,19,40,2024-12-08 09:08:49.000000,completed,80.46
274,124,3,92,,2025-11-06 00:32:51.654298,completed,48.99
275,9,1,40,,2025-07-31 08:46:11.000000,completed,0.0
276,1,1,221,,2023-06-05 12:35:23.414200,shipped,190.29
277,3,1,143,,2025-07-30 19:14:48.000000,completed,114.62
278,73,1,211,,2025-11-04 22:25:10.000000,cancelled,141.32
279,8,2,110,,2025-12-29 18:44:11.000000,completed,83.28
280,5,29,261,79,2024-07-19 10:40:23.000000,completed,5.1
281,183,9,96,,2025-09-30 23:49:32.000000,completed,43.84
282,4,1,205,,2025-11-13 01:09:54.000000,completed,38.25
283,181,3,,,2024-09-08 18:03:48.000000,shipped,333.48
284,9,11,40,,2025-06-18 09:59:36.507522,completed,134.3
285,1,3,221,,2023-06-05 12:35:23.414200,completed,80.06
286,3,2,276,,2022-11-29 23:18:03.226532,completed,68.1
287,104,1,188,,2025-08-16 22:49:43.002700,completed,320.97
288,1,1,221,,2023-06-05 12:35:23.414200,completed,0.0
289,152,44,3,,2025-09-18 03:07:58.000000,shipped,111.83
290,149,1,,,2024-05-09 04:02:12.000000,completed,134.18
291,37,120,266,,2023-12-17 19:03:23.000000,completed,333.18
292,77,1,,76,2024-04-04 14:49:29.462040,completed,229.45
293,11,75,,,2025-04-01 16:05:23.818770,shipped,50.82
294,8,2,162,,2024-06-08 05:01:17.000000,cancelled,554.71
295,4,18,205,195,2025-10-14 18:19:24.841540,completed,0.0
296,138,18,86,,2023-09-08 14:18:46.480779,completed,446.01
297,189,1,213,,2023-11-26 13:23:58.553455,completed,191.04
298,41,5,,,2025-12-22 12:11:55.234877,completed,201.16
299,5,11,261,,2025-09-22 13:47:06.000000,cancelled,104.81
300,148,1,233,,2025-11-07 17:28:44.907755,shipped,33.88
301,69,4,76,56,2025-04-16 03:16:07.511025,returned,59.54
302,18,1,63,,2024-05-02 01:19:51.272974,completed,374.38
303,14,1,64,76,2025-01-18 10:12:06.000000,completed,147.16
304,4,5,205,114,2025-10-14 18:19:24.841540,returned,59.89
305,87,3,75,,2025-04-24 19:05:36.684305,completed,33.88
306,4,10,205,,2025-10-14 18:19:24.841540,shipped,174.9
307,27,2,198,,2025-06-05 02:09:38.264893,shipped,185.39
308,2,10,141,136,2025-10-24 10:53:30.000000,completed,91.23
309,50,62,24,,2022-06-15 16:16:04.000000,returned,0.0
310,64,15,254,,2025-05-28 20:09:27.137762,shipped,182.56
311,2,1,141,,2025-10-14 06:05:41.000000,cancelled,15.33
312,41,5,,,2025-12-22 12:11:55.234877,processing,67.47
313,3,17,165,66,2025-02-25 04:29:06.000000,returned,57.6
314,42,2,,,2024-07-04 03:30:51.000000,completed,134.09
315,156,1,78,,2023-04-17 19:01:21.000000,completed,25.0
316,83,4,108,62,2025-09-29 14:10:10.000000,completed,132.05
317,58,1,177,,2023-06-10 10:56:32.000000,completed,67.76
318,11,1,,142,2025-06-02 07:50:31.000000,processing,28.8
319,93,1,247,134,2025-01-20 07:07:29.000000,completed,154.89
320,9,1,40,144,2025-06-18 09:59:36.507522,completed,0.0
321,5,27,262,,2023-06-29 03:00:40.186768,completed,163.4
322,181,3,,171,2023-01-13 15:57:54.000000,shipped,88.05
323,41,2,,,2025-12-22 12:11:55.234877,completed,234.3
324,2,1,141,,2023-07-18 20:43:33.133133,returned,131.19
325,8,6,110,,2024-02-29 05:04:28.000000,completed,53.88
326,13,1,49,149,2024-09-16 03:27:51.000000,cancelled,120.21
327,109,9,142,123,2024-05-11 12:34:45.238725,completed,519.96
328,2,29,141,,2025-02-10 21:23:53.000000,completed,84.43
329,1,2,221,,2023-06-05 12:35:23.414200,completed,63.43
330,22,3,19,,2025-08-13 07:45:38.000000,completed,418.07
331,38,68,293,,2025-07-30 16:06:54.000000,completed,85.14
332,53,1,170,76,2024-07-19 11:14:54.000000,completed,446.78
333,5,1,261,,2023-06-29 03:00:40.186768,completed,259.65
334,5,75,261,44,2024-03-05 00:02:10.000000,returned,306.45
335,190,4,173,,2022-09-25 06:51:05.000000,cancelled,251.1
336,33,58,209,,2025-07-15 01:36:35.000000,completed,0.0
337,57,1,230,,2022-12-03 14:23:43.940262,processing,97.0
338,5,6,262,,2023-08-15 12:06:03.000000,completed,47.24
339,200,27,228,,2025-09-07 19:24:49.000000,returned,170.6
340,2,1,141,74,2024-01-29 04:29:18.000000,completed,350.0
341,25,2,,118,2023-03-15 18:13:32.000000,completed,117.79
342,6,1,65,,2025-05-18 17:04:16.034242,completed,67.76
343,8,1,162,,2025-05-22 15:28:21.000000,shipped,33.88
344,2,17,141,90,2023-07-18 20:43:33.133133,completed,53.92
345,2,1,141,69,2024-06-30 12:21:22.000000,completed,0.0
346,20,8,68,,2025-12-19 01:30:03.000000,completed,0.0
347,24,70,,120,2025-02-11 07:36:20.000000,cancelled,50.17
348,115,2,236,,2025-03-13 06:22:27.000000,completed,84.7
349,6,44,65,,2025-05-18 17:04:16.034242,returned,50.82
350,4,12,205,133,2025-11-14 16:07:35.000000,returned,122.63
351,3,20,143,,2022-11-29 23:18:03.226532,completed,158.86
352,27,2,198,,2025-06-05 02:09:38.264893,completed,197.57
353,157,3,248,58,2024-11-01 19:43:25.947193,completed,50.84
354,1,1,221,193,2024-06-09 13:37:37.000000,completed,208.97
355,129,19,241,,2023-06-14 21:55:36.000000,completed,218.22
356,130,1,13,,2025-06-21 22:00:22.872278,completed,211.56
357,97,1,271,,2025-03-01 03:23:38.824065,completed,0.0
358,143,1,,,2025-01-22 11:47:37.832662,shipped,318.55
359,34,1,59,131,2024-08-25 09:09:32.046242,completed,77.84
360,18,18,208,,2024-05-02 01:19:51.272974,completed,53.72
361,13,2,49,,2022-06-01 11:49:24.000000,completed,224.38
362,2,3,141,193,2023-12-11 04:06:27.000000,shipped,90.22
363,6,13,65,,2025-05-18 17:04:16.034242,processing,79.51
364,8,8,110,,2022-07-23 16:24:25.812288,completed,104.73
365,40,5,,,2024-10-01 18:00:18.740846,completed,292.2
366,101,14,174,162,2025-04-15 21:56:37.000000,completed,95.7
367,4,4,205,,2025-10-14 18:19:24.841540,completed,87.6
368,10,1,181,,2025-09-29 17:41:01.582144,shipped,94.44
369,26,25,273,,2025-12-02 14:21:21.000000,returned,138.64
370,168,1,176,178,2024-04-13 09:01:49.697090,shipped,158.32
371,34,1,59,,2025-04-18 06:05:30.000000,completed,117.15
372,70,86,216,110,2024-09-30 22:12:27.713035,completed,73.35
373,14,46,64,,2023-05-14 21:32:28.336134,completed,281.44
374,4,18,205,,2025-11-20 03:17:29.000000,completed,194.62
375,189,9,7,,2024-02-19 14:31:40.000000,completed,86.68
376,1,9,221,,2023-06-28 17:21:30.000000,completed,70.82
377,5,1,261,,2024-11-18 16:40:56.000000,cancelled,25.54
378,186,3,,,2022-06-09 19:22:25.502425,completed,312.24
379,152,4,3,,2025-07-11 04:56:28.370964,completed,150.04
380,10,1,181,136,2025-09-29 17:41:01.582144,returned,78.85
381,11,1,,,2025-11-04 06:45:41.000000,completed,16.94
382,20,8,68,12,2025-02-07 01:16:00.000000,completed,138.85
383,7,1,,,2025-12-26 01:04:25.000000,shipped,97.52
384,1,2,221,,2024-03-21 06:36:26.000000,completed,66.7
385,80,1,136,10,2025-02-15 06:27:03.776887,completed,282.89
386,14,1,64,,2024-03-22 08:17:26.000000,completed,50.82
387,19,3,41,96,2024-06-10 10:54:48.000000,completed,60.97
388,1,30,221,,2023-06-05 12:35:23.414200,completed,72.92
389,25,3,,30,2023-01-17 07:52:56.838438,completed,190.9
390,51,11,134,,2025-12-16 01:04:14.000000,returned,119.64
391,16,17,126,,2024-06-08 17:42:02.203040,completed,151.24
392,1,1,221,164,2023-06-05 12:35:23.414200,completed,54.38
393,31,37,,,2023-02-22 12:07:10.157471,returned,255.12
394,98,1,279,,2023-12-11 11:06:30.384607,completed,116.07
395,16,1,126,92,2024-06-08 17:42:02.203040,completed,328.46
396,110,72,,184,2024-04-23 06:09:19.752531,completed,6.32
397,34,3,59,,2024-08-25 09:09:32.046242,completed,29.35
398,7,2,,,2022-09-17 18:14:00.245204,completed,18.54
399,47,1,133,,2022-07-08 23:34:09.275251,completed,144.78
400,5,2,261,50,2023-09-02 01:15:30.000000,completed,201.62
401,47,1,133,,2022-07-08 23:34:09.275251,completed,154.64
402,186,1,,,2025-08-31 10:53:56.000000,completed,91.41
403,118,2,54,,2024-09-20 14:53:19.198727,completed,0.0
404,126,1,,,2025-11-01 20:40:53.000000,completed,165.06
405,172,1,,185,2025-09-15 17:45:25.000000,completed,139.86
406,67,31,82,,2024-05-28 17:28:16.469626,completed,63.43
407,9,2,40,130,2025-06-18 09:59:36.507522,completed,87.77
408,189,1,7,,2025-08-16 14:34:00.000000,completed,16.94
409,23,2,70,,2025-11-29 21:46:52.929116,completed,187.14
410,154,98,218,,2025-10-31 18:59:42.876043,returned,0.0
411,27,2,198,,2025-06-05 02:09:38.264893,completed,123.89
412,200,44,147,144,2023-10-28 02:54:27.735222,completed,134.33
413,13,27,299,,2022-06-18 17:25:27.000000,completed,85.04
414,8,3,110,,2024-12-28 06:12:16.000000,completed,141.64
415,5,1,262,98,2023-06-29 03:00:40.186768,completed,13.55
416,2,10,141,191,2025-12-28 11:38:56.000000,completed,227.96
417,3,1,143,,2025-07-21 12:03:14.000000,completed,28.88
418,97,4,271,44,2025-03-01 03:23:38.824065,completed,211.37
419,34,2,59,,2024-08-25 09:09:32.046242,returned,97.52
420,33,9,209,,2023-05-09 11:08:40.000000,completed,285.2
421,60,49,42,110,2024-11-13 21:51:39.109096,completed,75.28
422,20,2,68,188,2023-06-11 01:30:01.985668,completed,21.49
423,24,1,,29,2023-10-08 18:37:50.000000,completed,54.21
424,10,1,181,102,2025-09-29 17:41:01.582144,completed,111.97
425,42,8,,,2024-10-25 16:36:59.000000,completed,26.86
426,91,3,178,55,2023-05-17 09:32:45.842086,completed,69.08
427,143,2,,120,2025-01-22 11:47:37.832662,completed,39.42
428,21,4,260,,2023-11-23 08:14:21.000000,completed,101.64
429,1,15,221,,2024-11-21 06:58:31.000000,completed,211.56
430,18,30,63,,2025-06-20 10:18:26.000000,completed,63.0
431,22,2,19,152,2024-09-04 01:13:28.000000,completed,21.24
432,7,1,,162,2024-06-23 14:44:59.000000,completed,42.82
433,5,3,262,,2023-06-29 03:00:40.186768,shipped,16.94
434,13,1,299,100,2023-02-14 18:53:52.000000,returned,32.19
435,148,2,233,,2025-11-07 17:28:44.907755,returned,101.64
436,52,81,220,,2024-10-22 10:05:46.000000,completed,208.79
437,71,1,32,,2025-03-15 05:10:26.770022,shipped,84.7
438,6,1,65,14,2025-05-18 17:04:16.034242,shipped,30.03
439,7,2,,,2025-07-27 14:26:28.000000,completed,418.78
440,3,26,276,73,2023-06-19 11:40:03.000000,returned,0.0
441,12,22,121,,2025-02-26 09:59:58.000000,processing,139.04
442,4,4,205,,2025-10-14 18:19:24.841540,completed,131.19
443,3,1,143,,2023-03-03 16:49:41.000000,completed,280.4
444,13,1,49,,2024-07-09 03:06:07.000000,shipped,680.26
445,17,3,,,2025-11-17 00:31:31.000000,completed,28.86
446,3,1,165,,2025-11-08 03:47:01.000000,completed,179.57
447,106,4,207,,2024-03-05 01:38:12.000000,completed,60.3
448,21,5,260,,2023-11-08 20:07:47.000000,processing,114.25
449,170,5,,,2025-03-31 05:37:35.000000,completed,86.68
450,192,1,292,146,2025-09-10 04:27:44.258089,shipped,108.11
451,1,1,221,78,2023-09-06 11:33:14.000000,completed,372.44
452,8,7,110,,2025-09-29 07:09:34.000000,completed,251.65
453,5,42,261,64,2023-10-03 02:43:32.000000,completed,48.59
454,200,10,147,,2023-10-28 02:54:27.735222,completed,60.74
455,4,4,205,,2025-10-14 18:19:24.841540,completed,16.94
456,82,1,187,,2025-06-16 03:03:37.000000,completed,91.99
457,4,31,205,155,2025-12-19 05:58:48.000000,shipped,167.39
458,4,53,205,,2025-10-14 18:19:24.841540,completed,72.06
459,6,3,65,,2025-07-24 12:49:54.000000,completed,47.51
460,10,1,181,152,2025-09-29 17:41:01.582144,completed,40.37
461,136,19,227,77,2024-04-06 03:32:53.233791,completed,122.82
462,197,1,137,39,2024-05-16 20:11:53.973189,completed,154.45
463,7,65,,,2023-05-07 13:36:17.000000,completed,267.86
464,5,7,261,,2023-06-29 03:00:40.186768,completed,16.94
465,24,25,,,2025-02-01 18:11:53.000000,completed,45.19
466,175,1,123,63,2025-11-05 11:25:18.000000,completed,96.11
467,186,9,,,2023-11-27 19:48:17.000000,completed,42.88
468,184,50,,,2025-12-11 07:43:57.000000,completed,579.62
469,6,1,65,,2025-05-18 17:04:16.034242,completed,16.94
470,17,1,,156,2025-06-14 20:58:11.169605,completed,370.36
471,1,3,221,,2023-12-27 18:26:43.000000,shipped,0.0
472,193,6,15,,2024-10-09 08:35:37.047647,completed,16.94
473,33,1,209,,2023-06-03 18:54:50.000000,completed,152.42
474,4,5,205,,2025-10-14 18:19:24.841540,shipped,0.0
475,3,36,143,,2023-03-06 18:43:38.000000,shipped,51.51
476,72,8,127,123,2025-02-05 01:21:30.000000,completed,192.21
477,185,16,194,,2025-01-18 01:05:02.757842,completed,134.46
478,11,2,,,2025-04-01 16:05:23.818770,processing,72.91
479,1,1,221,,2025-07-20 16:21:13.000000,cancelled,116.48
480,133,1,,,2024-11-21 13:36:06.051587,completed,54.26
481,174,2,284,57,2025-12-26 13:40:00.916432,completed,197.41
482,3,2,143,,2024-07-12 03:09:27.000000,completed,140.52
483,12,1,298,33,2024-12-01 00:23:49.001405,completed,130.34
484,134,13,37,,2025-05-07 07:26:42.780861,completed,309.26
485,93,2,247,34,2024-04-22 13:22:58.000000,returned,275.21
486,6,1,65,,2025-05-18 17:04:16.034242,completed,10.19
487,55,1,171,,2024-12-19 07:23:59.000000,returned,80.58
488,12,4,121,172,2024-12-01 00:23:49.001405,completed,0.0
489,84,9,,,2025-10-29 12:23:43.399600,shipped,362.69
490,40,2,,51,2024-10-01 18:00:18.740846,cancelled,10.96
491,135,6,102,,2023-12-26 00:37:12.449801,completed,101.12
492,35,1,107,109,2025-11-08 07:15:19.666436,completed,56.53
493,3,2,165,,2022-11-29 23:18:03.226532,completed,241.11
494,5,2,262,56,2024-03-07 02:57:12.000000,completed,148.92
495,5,28,261,,2024-06-22 00:57:24.000000,returned,16.94
496,3,7,276,,2023-06-22 16:56:05.000000,shipped,132.67
497,8,1,162,91,2022-10-17 20:24:49.000000,returned,15.25
498,7,1,,8,2025-10-21 02:02:33.000000,completed,153.12
499,7,23,,17,2025-10-16 07:16:27.000000,completed,42.52
500,4,6,205,,2025-10-14 18:19:24.841540,completed,16.33
501,6,2,65,,2025-05-18 17:04:16.034242,completed,216.43
502,92,1,164,79,2022-04-23 11:48:43.844031,completed,102.27
503,77,9,,58,2024-04-04 14:49:29.462040,completed,178.12
504,17,28,,,2025-06-14 20:58:11.169605,completed,85.19
505,179,2,297,,2023-01-08 16:23:08.979870,returned,101.64
506,18,60,63,,2024-05-02 01:19:51.272974,completed,181.94
507,33,3,209,20,2024-10-08 01:27:07.000000,completed,75.7
508,13,116,49,,2025-07-22 07:02:38.000000,completed,32.66
509,2,2,141,47,2023-07-18 20:43:33.133133,completed,24.96
510,165,32,295,179,2023-08-30 15:03:19.000000,completed,45.66
511,5,115,262,180,2023-06-29 03:00:40.186768,shipped,177.82
512,88,2,139,,2025-05-28 22:08:44.000000,cancelled,16.33
513,16,1,126,,2024-06-08 17:42:02.203040,cancelled,380.58
514,27,8,198,,2025-06-05 02:09:38.264893,processing,166.78
515,134,1,37,,2025-05-07 07:26:42.780861,completed,0.0
516,61,19,91,90,2024-07-28 16:43:03.411288,cancelled,4.15
517,11,1,,,2025-04-01 16:05:23.818770,completed,53.07
518,2,7,141,,2025-08-27 01:23:20.000000,completed,0.0
519,181,2,,,2023-11-03 23:19:50.000000,returned,33.27
520,60,8,51,,2024-11-13 21:51:39.109096,completed,193.71
521,84,7,,,2025-10-29 12:23:43.399600,completed,43.15
522,2,19,141,,2024-02-24 18:16:49.000000,completed,53.88
523,73,91,119,,2024-10-18 08:54:18.000000,completed,141.38
524,125,1,265,,2024-08-19 06:14:04.457930,completed,68.1
525,163,9,199,,2023-12-25 03:04:16.322664,completed,513.89
526,82,3,187,,2022-11-17 03:39:00.000000,completed,16.94
527,49,1,296,95,2023-09-18 03:08:09.541006,completed,16.09
528,11,1,,,2025-06-12 15:22:59.000000,completed,212.24
529,10,1,181,,2025-09-29 17:41:01.582144,completed,84.7
530,15,2,269,154,2023-07-27 04:48:58.000000,completed,131.65
531,133,1,,102,2024-11-21 13:36:06.051587,completed,76.8
532,3,1,165,,2023-01-26 01:55:35.000000,completed,97.31
533,3,66,276,,2024-11-25 10:53:05.000000,completed,224.17
534,51,19,66,,2023-10-16 21:56:29.000000,completed,109.91
535,174,1,284,,2025-12-26 13:40:00.916432,completed,226.02
536,1,4,221,,2025-11-24 02:56:00.000000,completed,96.7
537,7,22,,,2024-02-05 15:05:20.000000,completed,60.48
538,3,3,165,,2024-05-27 13:35:39.000000,completed,50.82
539,169,4,158,,2025-02-22 05:16:12.710485,processing,67.76
540,115,62,236,,2025-12-21 21:55:34.000000,returned,53.72
541,21,1,260,119,2022-04-17 17:08:45.022217,completed,22.83
542,2,1,141,112,2025-06-03 16:41:18.000000,completed,228.37
543,191,4,,141,2024-01-09 22:58:34.000000,completed,0.0
544,94,1,18,85,2025-04-14 17:10:38.000000,returned,41.75
545,28,50,117,195,2022-09-16 11:51:31.906371,completed,0.0
546,10,1,181,,2025-10-13 12:26:34.000000,completed,16.94
547,161,7,192,,2022-05-17 03:31:45.000000,completed,128.84
548,72,5,43,,2024-01-03 05:02:42.526890,returned,16.94
549,63,1,11,66,2025-01-27 15:57:08.000000,completed,91.97
550,39,125,62,45,2024-03-18 15:21:22.835125,processing,134.59
551,122,2,,,2024-08-26 13:45:39.034451,completed,110.7
552,11,1,,118,2025-04-01 16:05:23.818770,completed,99.3
553,3,1,143,81,2025-07-02 19:45:14.000000,completed,13.43
554,21,5,260,,2025-01-20 07:16:28.000000,completed,33.88
555,66,12,,,2023-03-16 14:32:06.110075,completed,165.16
556,163,1,199,,2025-04-04 21:00:25.000000,completed,336.06
557,3,1,143,,2023-10-11 02:03:20.000000,completed,1070.78
558,18,1,208,,2024-06-24 08:41:01.000000,shipped,73.62
559,49,3,296,,2023-09-18 03:08:09.541006,completed,16.33
560,56,6,212,,2025-09-03 15:36:05.880569,completed,0.0
561,6,1,65,,2025-08-27 14:21:51.000000,completed,53.94
562,182,44,268,,2023-09-27 17:02:57.000000,shipped,33.88
563,13,110,299,,2025-08-02 09:35:25.000000,completed,95.9
564,10,1,181,,2025-09-29 17:41:01.582144,completed,58.24
565,162,2,,,2024-10-01 23:04:20.940703,completed,33.88
566,94,19,18,,2023-10-10 08:58:21.000000,completed,354.29
567,81,2,163,,2024-12-15 05:50:42.000000,completed,134.46
568,73,15,119,114,2025-12-02 08:33:12.000000,completed,21.49
569,32,1,,,2023-10-20 04:56:55.000000,completed,0.0
570,4,59,205,,2025-10-14 18:19:24.841540,completed,42.46
571,14,6,64,7,2024-04-25 16:06:39.000000,completed,15.25
572,114,5,12,120,2024-06-05 20:18:34.000000,completed,87.58
573,6,15,65,,2025-05-18 17:04:16.034242,completed,53.72
574,45,1,,,2024-09-25 15:38:27.569869,shipped,377.21
575,171,2,148,116,2024-07-29 04:46:52.000000,completed,0.0
576,38,3,293,,2024-08-12 11:03:56.000000,completed,343.64
577,117,2,201,,2024-04-15 12:45:02.356656,completed,67.15
578,88,1,50,,2025-09-22 05:43:41.000000,completed,62.13
579,18,1,63,,2024-05-02 01:19:51.272974,completed,148.42
580,89,1,103,,2025-08-25 04:53:38.000000,completed,156.73
581,5,2,262,,2023-06-29 03:00:40.186768,shipped,153.72
582,1,1,221,,2023-06-05 12:35:23.414200,completed,83.48
583,193,1,83,,2024-10-09 08:35:37.047647,completed,6.84
584,179,2,95,,2025-07-23 14:48:44.000000,shipped,134.22
585,196,3,182,,2023-11-10 05:35:34.000000,completed,0.0
586,82,5,187,,2022-10-31 05:54:25.174375,completed,152.46
587,190,27,173,,2023-06-06 18:53:27.000000,completed,135.51
588,10,4,181,177,2025-09-29 17:41:01.582144,completed,88.34
589,163,2,199,,2023-12-25 03:04:16.322664,completed,47.05
590,24,1,,,2025-10-11 03:14:06.000000,completed,0.0
591,4,1,205,46,2025-10-14 18:19:24.841540,completed,14.4
592,4,1,205,64,2025-10-14 18:19:24.841540,completed,91.4
593,28,1,160,,2023-07-07 02:29:12.000000,completed,79.68
594,38,1,293,52,2025-01-23 10:01:52.000000,processing,163.97
595,140,2,,,2025-09-12 01:35:55.000000,processing,50.82
596,73,14,211,,2024-11-26 19:00:19.000000,returned,53.72
597,1,22,221,31,2023-09-23 15:45:50.000000,completed,169.0
598,4,34,205,,2025-10-14 18:19:24.841540,completed,34.87
599,15,1,269,,2022-03-16 06:25:58.000000,completed,16.94
600,7,10,,,2022-09-17 18:14:00.245204,completed,111.56
601,3,9,165,173,2024-06-12 11:35:04.000000,completed,235.81
602,17,3,,,2025-06-14 20:58:11.169605,completed,283.7
603,2,21,141,,2023-12-05 07:13:16.000000,completed,351.36
604,28,1,160,92,2022-09-16 11:51:31.906371,cancelled,67.76
605,155,3,33,64,2024-09-14 16:57:04.000000,completed,56.53
606,4,2,205,,2025-10-14 18:19:24.841540,completed,0.0
607,37,123,266,25,2023-05-17 23:35:14.819234,completed,13.55
608,5,11,261,,2023-06-29 03:00:40.186768,completed,114.46
609,200,1,228,,2023-12-05 07:45:21.000000,returned,50.82
610,5,13,262,122,2024-08-14 16:01:23.000000,completed,99.63
611,29,11,116,,2025-09-26 18:30:04.000000,completed,46.06
612,164,1,274,,2025-07-04 12:03:59.168697,completed,33.88
613,7,2,,,2022-09-17 18:14:00.245204,shipped,161.16
614,53,2,170,,2025-02-23 04:58:27.000000,completed,0.0
615,13,1,49,188,2025-03-15 20:49:46.000000,completed,109.65
616,194,2,80,,2024-06-05 09:40:30.376227,completed,406.6
617,53,2,235,183,2025-07-02 17:21:13.000000,completed,70.16
618,62,2,202,,2023-11-14 13:58:01.140499,shipped,440.62
619,25,5,,171,2024-01-24 19:42:01.000000,completed,42.98
620,157,33,118,,2025-11-25 00:30:56.000000,returned,71.7
621,4,92,205,,2025-10-14 18:19:24.841540,completed,509.37
622,109,6,142,81,2024-05-11 12:34:45.238725,completed,8.47
623,178,13,168,,2023-05-22 14:19:41.613439,completed,84.7
624,1,1,221,,2023-06-05 12:35:23.414200,completed,163.5
625,2,4,141,28,2025-06-06 07:45:06.000000,completed,333.13
626,33,122,209,,2023-03-01 05:01:49.000000,completed,257.56
627,146,3,138,,2025-09-28 09:48:08.288601,completed,26.86
628,64,1,159,,2025-10-13 14:11:18.000000,completed,421.85
629,15,1,269,35,2024-02-16 06:44:58.000000,completed,0.0
630,105,1,,10,2025-05-28 18:24:18.857690,completed,57.6
631,7,1,,,2023-06-14 03:56:17.000000,completed,0.0
632,185,10,194,,2025-01-17 19:30:53.000000,completed,97.58
633,78,1,132,109,2024-09-19 13:06:37.900911,completed,127.36
634,75,27,237,43,2024-09-21 06:25:11.000000,completed,102.83
635,199,5,146,155,2023-07-27 07:38:55.650483,processing,27.1
636,6,7,65,,2025-05-18 17:04:16.034242,completed,84.57
637,192,82,292,72,2025-09-10 04:27:44.258089,completed,107.71
638,4,3,205,62,2025-10-14 18:19:24.841540,completed,91.39
639,160,3,47,,2024-07-15 10:56:09.000000,returned,118.58
640,4,1,205,,2025-10-14 18:19:24.841540,completed,0.0
641,13,37,49,84,2022-08-27 06:28:39.000000,completed,20.14
642,7,19,,,2024-12-19 04:19:52.000000,completed,279.36
643,157,11,226,,2024-11-01 19:43:25.947193,completed,572.87
644,13,1,49,50,2023-05-14 10:23:33.000000,completed,122.23
645,138,5,29,151,2023-09-08 14:18:46.480779,cancelled,61.81
646,14,1,64,,2023-05-14 21:32:28.336134,completed,204.3
647,142,6,122,,2025-02-13 18:54:55.386998,completed,167.97
648,135,89,102,,2025-05-18 18:30:04.000000,completed,431.32
649,98,1,279,,2025-04-28 12:34:41.000000,shipped,107.44
650,9,1,40,4,2025-06-18 09:59:36.507522,completed,253.69
651,12,58,298,,2024-12-01 00:23:49.001405,completed,0.0
652,7,1,,51,2022-09-22 21:13:18.000000,completed,48.76
653,16,65,126,,2024-06-08 17:42:02.203040,completed,272.74
654,196,38,182,,2023-06-21 22:19:29.767509,returned,161.64
655,141,105,44,43,2023-05-08 14:48:36.834176,completed,181.86
656,166,7,231,21,2024-02-22 17:07:30.358665,completed,27.1
657,8,2,110,,2022-07-23 16:24:25.812288,completed,176.04
658,1,2,221,,2023-07-10 20:46:20.000000,cancelled,0.0
659,197,26,137,190,2024-07-17 09:55:46.000000,completed,53.72
660,1,1,221,176,2023-06-05 12:35:23.414200,completed,40.29
661,108,16,215,,2024-09-16 23:05:16.000000,returned,195.64
662,88,139,139,,2022-08-05 14:56:19.496983,cancelled,214.66
663,185,39,194,127,2025-01-18 01:05:02.757842,completed,13.55
664,14,9,64,,2023-05-14 21:32:28.336134,completed,50.82
665,2,12,141,,2023-11-18 05:45:55.000000,completed,135.52
666,196,2,182,,2023-06-21 22:19:29.767509,returned,80.37
667,9,44,40,,2025-06-18 09:59:36.507522,cancelled,136.98
668,16,2,126,,2024-06-08 17:42:02.203040,completed,101.03
669,5,2,262,,2023-08-31 00:01:49.000000,completed,131.73
670,2,17,141,191,2023-07-18 20:43:33.133133,completed,80.42
671,1,14,221,,2025-12-14 12:40:07.000000,completed,84.7
672,1,5,221,29,2024-09-19 04:01:13.000000,completed,65.3
673,10,11,181,,2025-09-29 17:41:01.582144,cancelled,97.31
674,63,20,11,,2025-09-18 09:19:18.000000,completed,315.16
675,4,2,205,7,2025-12-11 02:53:01.000000,completed,118.56
676,17,17,,103,2025-06-14 20:58:11.169605,shipped,42.98
677,181,3,,,2023-01-12 04:05:29.665294,completed,19.95
678,61,1,23,,2024-12-16 04:37:51.000000,cancelled,64.26
679,7,11,,185,2024-06-04 20:57:05.000000,completed,0.0
680,31,7,,,2023-08-19 12:30:50.000000,completed,33.27
681,189,5,213,,2025-05-06 16:09:27.000000,cancelled,12.18
682,4,4,205,,2025-10-14 18:19:24.841540,completed,215.89
683,16,1,126,,2024-07-27 00:05:24.000000,returned,215.31
684,6,1,65,,2025-05-18 17:04:16.034242,shipped,121.8
685,3,2,276,,2023-04-13 11:41:18.000000,completed,101.64
686,12,12,298,,2024-12-01 00:23:49.001405,returned,119.1
687,5,1,261,,2024-10-07 09:34:50.000000,completed,394.1
688,1,3,221,,2023-06-19 13:46:41.000000,completed,28.32
689,75,11,237,,2024-03-28 02:06:30.191554,completed,0.0
690,1,13,221,138,2023-06-05 12:35:23.414200,completed,69.91
691,3,79,143,,2022-11-29 23:18:03.226532,completed,63.0
692,2,1,141,,2023-07-31 21:38:17.000000,completed,59.46
693,27,1,198,,2025-06-05 02:09:38.264893,completed,96.7
694,17,3,,,2025-06-14 20:58:11.169605,completed,26.86
695,10,1,181,,2025-09-29 17:41:01.582144,completed,297.34
696,188,1,34,,2024-06-19 19:13:00.477070,completed,128.5
697,4,6,205,,2025-10-14 18:19:24.841540,completed,170.01
698,4,1,205,,2025-10-14 18:19:24.841540,completed,87.76
699,14,1,64,21,2025-04-07 23:12:20.000000,returned,186.12
700,1,3,221,183,2023-06-05 12:35:23.414200,completed,556.56
701,7,2,,,2022-09-17 18:14:00.245204,completed,29.12
702,9,18,40,147,2025-06-18 09:59:36.507522,completed,510.42
703,3,2,276,,2022-11-29 23:18:03.226532,completed,67.76
704,3,136,276,,2025-12-02 10:06:28.000000,shipped,66.54
705,72,18,127,,2024-07-25 09:36:15.000000,completed,114.82
706,136,1,227,,2024-11-01 07:11:45.000000,completed,77.68
707,161,16,192,141,2025-06-16 12:42:21.000000,shipped,298.26
708,8,1,110,,2025-08-10 18:19:04.000000,completed,182.55
709,4,1,205,70,2025-10-14 18:19:24.841540,completed,27.1
710,65,3,,,2024-05-01 09:39:51.000000,completed,63.43
711,86,1,280,,2025-08-09 00:48:09.567553,completed,215.89
712,1,1,221,36,2025-04-07 00:38:23.000000,completed,38.12
713,6,5,65,,2025-05-18 17:04:16.034242,returned,16.94
714,21,4,260,,2025-03-26 01:11:49.000000,completed,53.26
715,1,1,221,,2023-07-31 11:13:45.000000,returned,0.0
716,41,10,,,2025-12-22 12:11:55.234877,completed,208.57
717,110,3,,,2024-04-23 06:09:19.752531,processing,27.13
718,13,3,49,,2024-07-25 20:13:45.000000,completed,50.82
719,4,16,205,85,2025-10-14 18:19:24.841540,completed,15.23
720,3,1,276,62,2023-04-19 21:50:53.000000,completed,380.44
721,3,1,165,135,2025-01-23 05:07:34.000000,completed,195.13
722,15,2,269,,2024-12-19 11:56:11.000000,completed,42.57
723,9,9,40,,2025-06-18 09:59:36.507522,completed,74.93
724,4,94,205,10,2025-10-14 18:19:24.841540,returned,153.33
725,183,43,172,,2024-10-09 15:29:50.000000,completed,334.12
726,97,29,271,183,2025-03-01 03:23:38.824065,completed,45.74
727,21,94,260,126,2024-12-10 01:42:43.000000,completed,24.17
728,11,17,,,2025-04-01 16:05:23.818770,completed,16.94
729,12,9,121,,2024-12-01 00:23:49.001405,completed,50.21
730,160,56,47,40,2024-06-19 20:01:52.421423,completed,130.66
731,107,1,255,,2024-04-12 10:54:01.000000,completed,90.29
732,9,2,40,27,2025-06-18 09:59:36.507522,completed,67.27
733,21,3,260,,2025-05-14 16:37:28.000000,completed,520.96
734,6,2,65,,2025-05-18 17:04:16.034242,returned,107.44
735,3,7,276,,2025-06-02 07:31:56.000000,completed,50.82
736,118,2,55,,2024-09-20 14:53:19.198727,shipped,53.72
737,21,4,260,,2022-06-28 23:11:19.000000,completed,302.3
738,120,1,56,,2024-07-22 00:54:11.890405,shipped,377.23
739,130,45,13,,2025-06-21 22:00:22.872278,completed,24.36
740,57,1,230,,2022-12-03 14:23:43.940262,completed,543.86
741,164,37,272,,2025-07-04 12:03:59.168697,completed,206.52
742,54,1,166,39,2024-10-09 04:11:56.142591,completed,28.8
743,6,25,65,,2025-05-18 17:04:16.034242,completed,50.38
744,54,9,128,,2024-10-09 04:11:56.142591,completed,50.82
745,2,3,141,,2024-01-17 11:38:40.000000,completed,26.86
746,138,1,29,,2023-09-08 14:18:46.480779,completed,145.44
747,106,9,250,,2023-10-30 13:32:14.325708,completed,158.59
748,104,2,188,,2025-08-16 22:49:43.002700,shipped,54.26
749,11,6,,104,2025-04-01 16:05:23.818770,completed,8.16
750,29,11,116,,2024-10-25 15:29:36.000000,completed,26.86
751,4,3,205,,2025-10-14 18:19:24.841540,completed,284.28
752,5,3,262,,2024-01-25 06:40:20.000000,returned,80.74
753,13,1,299,34,2022-11-19 21:06:25.000000,completed,43.93
754,106,2,207,,2023-10-30 13:32:14.325708,completed,94.96
755,4,2,205,135,2025-10-14 18:19:24.841540,completed,134.31
756,3,9,276,,2023-06-20 05:37:09.000000,cancelled,140.01
757,171,1,148,,2024-06-04 21:11:35.254955,completed,49.6
758,1,1,221,,2023-08-06 22:41:28.000000,completed,219.17
759,59,1,57,,2024-11-02 11:48:29.760861,completed,22.88
760,113,3,256,,2023-03-29 02:19:30.000000,returned,77.68
761,8,2,162,,2023-12-21 21:53:41.000000,completed,70.21
762,3,43,165,11,2024-12-01 18:38:24.000000,completed,109.87
763,21,50,260,195,2024-01-24 02:42:12.000000,completed,0.0
764,8,87,110,,2025-06-03 18:37:46.000000,completed,70.05
765,13,2,299,182,2024-05-03 03:16:38.000000,completed,54.52
766,7,5,,,2024-12-01 01:42:35.000000,completed,321.48
767,19,3,41,,2024-02-02 12:58:32.000000,completed,86.99
768,2,8,141,,2024-06-27 21:47:41.000000,completed,84.7
769,57,57,71,141,2025-11-05 00:13:59.000000,completed,30.5
770,32,6,,,2024-10-11 18:39:21.000000,completed,579.21
771,11,113,,,2025-04-01 16:05:23.818770,returned,33.88
772,30,2,,,2025-06-17 05:13:52.716996,completed,216.43
773,2,31,141,192,2024-07-25 05:27:20.000000,shipped,38.12
774,6,32,65,,2025-12-01 00:50:55.000000,completed,109.54
775,1,1,221,,2024-08-13 12:06:53.000000,completed,33.88
776,23,26,70,,2025-11-29 21:46:52.929116,shipped,0.0
777,1,58,221,,2023-06-20 02:31:39.000000,completed,160.34
778,173,3,161,,2022-08-09 16:02:03.000000,completed,104.54
779,5,116,262,99,2024-08-06 13:24:45.000000,completed,40.65
780,147,1,222,,2025-05-27 17:24:16.382970,completed,33.88
781,123,6,20,148,2023-10-11 11:57:16.228425,completed,39.42
782,2,1,141,27,2024-01-13 09:46:16.000000,returned,57.47
783,1,8,221,137,2023-06-05 12:35:23.414200,completed,456.1
784,4,6,205,25,2025-10-14 18:19:24.841540,completed,13.55
785,9,4,40,17,2025-06-22 22:42:11.000000,completed,295.92
786,40,49,,,2024-10-01 18:00:18.740846,completed,731.6
787,168,3,176,,2024-07-28 02:27:44.000000,completed,0.0
788,6,26,65,,2025-05-18 17:04:16.034242,completed,123.98
789,7,3,,,2024-07-26 19:00:41.000000,returned,420.63
790,27,6,198,,2025-06-05 02:09:38.264893,returned,43.19
791,195,21,8,,2024-12-25 23:57:12.000000,completed,50.19
792,4,3,205,,2025-10-14 18:19:24.841540,completed,18.54
793,134,20,77,,2025-05-07 07:26:42.780861,completed,157.74
794,10,1,181,,2025-09-29 17:41:01.582144,completed,87.6
795,1,2,221,,2023-10-08 16:26:18.000000,returned,128.4
796,173,2,289,,2022-12-01 09:15:46.000000,completed,0.0
797,5,14,262,,2023-08-20 20:51:26.000000,completed,43.8
798,47,5,291,,2022-12-25 07:39:51.000000,shipped,188.95
799,86,1,280,,2025-08-09 00:48:09.567553,completed,140.21
800,105,1,,191,2025-05-28 18:24:18.857690,completed,126.39
801,10,3,181,,2025-09-29 17:41:01.582144,completed,33.88
802,15,3,269,,2022-10-17 02:49:10.000000,completed,217.15
803,41,7,,,2025-12-22 12:11:55.234877,completed,334.07
804,2,5,141,,2023-07-18 20:43:33.133133,completed,162.98
805,7,1,,34,2022-09-17 18:14:00.245204,completed,170.01
806,115,9,236,131,2025-08-11 09:34:01.000000,completed,81.58
807,1,1,221,85,2024-08-02 10:41:43.000000,completed,42.21
808,14,1,64,,2025-03-12 21:34:41.000000,completed,0.0
809,37,6,266,,2025-10-21 21:04:39.000000,completed,648.94
810,188,44,34,21,2024-07-09 20:36:12.000000,shipped,202.43
811,195,2,8,,2023-06-01 23:10:19.000000,returned,166.12
812,5,1,261,,2023-06-29 03:00:40.186768,returned,80.94
813,3,1,165,,2023-01-17 02:25:06.000000,completed,94.66
814,1,110,221,,2023-06-05 12:35:23.414200,cancelled,74.0
815,5,7,261,,2024-06-01 13:27:44.000000,shipped,101.64
816,16,2,126,,2025-03-02 03:20:11.000000,completed,64.11
817,52,2,186,,2024-09-14 00:06:50.200976,completed,26.86
818,23,4,70,129,2025-11-29 21:46:52.929116,completed,139.8
819,3,3,165,,2023-06-20 11:54:00.000000,completed,67.39
820,4,93,205,,2025-10-14 18:19:24.841540,completed,67.1
821,147,1,222,,2025-08-18 08:11:28.000000,returned,33.88
822,65,18,,,2024-07-22 15:28:02.000000,completed,339.19
823,11,7,,145,2025-04-01 16:05:23.818770,shipped,205.65
824,107,2,255,,2025-07-19 03:54:19.000000,completed,43.8
825,160,2,47,,2024-06-19 20:01:52.421423,completed,53.72
826,61,48,23,,2024-07-28 16:43:03.411288,returned,50.82
827,197,9,137,,2025-12-13 18:34:27.000000,shipped,0.0
828,37,11,266,,2024-06-22 15:46:01.000000,completed,16.94
829,7,3,,6,2024-12-24 23:52:22.000000,completed,28.28
830,45,1,,,2025-12-09 05:02:04.000000,completed,33.88
831,98,9,279,,2025-12-25 20:31:03.000000,completed,43.36
832,53,2,235,,2024-10-13 17:01:59.000000,completed,70.05
833,2,15,141,,2025-01-31 08:23:55.000000,completed,68.1
834,7,1,,,2023-11-07 16:37:10.000000,completed,106.48
835,8,1,162,,2022-07-23 16:24:25.812288,completed,84.7
836,3,1,276,51,2023-01-28 09:58:12.000000,completed,137.49
837,16,5,126,,2025-12-13 19:13:50.000000,completed,70.66
838,8,3,110,,2024-10-07 17:20:14.000000,completed,177.68
839,1,1,221,,2023-06-05 12:35:23.414200,returned,149.81
840,106,1,250,,2023-12-06 12:27:53.000000,shipped,48.99
841,23,3,70,,2025-11-29 21:46:52.929116,completed,113.64
842,141,2,44,26,2023-05-08 14:48:36.834176,cancelled,14.4
843,199,2,146,,2024-10-10 09:28:10.000000,completed,422.73
844,5,144,261,181,2025-06-17 20:52:28.000000,completed,88.53
845,187,1,22,,2025-09-25 09:54:31.135631,completed,61.01
846,11,11,,,2025-04-01 16:05:23.818770,completed,375.45
847,3,1,276,,2023-12-29 15:03:28.000000,completed,231.4
848,7,5,,,2024-09-19 20:31:57.000000,completed,84.7
849,32,15,,,2023-11-26 17:20:51.000000,returned,131.73
850,4,39,205,,2025-10-14 18:19:24.841540,completed,32.66
851,9,13,40,,2025-06-18 09:59:36.507522,completed,67.95
852,146,6,138,,2025-10-24 21:51:59.000000,completed,41.1
853,28,38,160,,2025-03-10 09:45:18.000000,completed,126.6
854,19,1,41,70,2024-05-18 09:17:18.000000,completed,40.65
855,187,2,22,,2025-09-25 09:54:31.135631,completed,16.94
856,44,7,191,,2024-12-06 10:23:31.805552,completed,179.28
857,181,1,,,2024-02-14 07:24:04.000000,completed,61.39
858,6,1,65,191,2025-05-18 17:04:16.034242,completed,24.29
859,7,1,,29,2025-03-28 11:20:15.000000,completed,21.49
860,126,2,,,2024-08-09 10:21:17.694838,completed,185.25
861,7,2,,50,2025-11-13 15:23:40.000000,completed,93.79
862,121,7,25,,2024-02-10 08:13:20.606482,completed,479.89
863,14,1,64,,2024-11-19 21:42:38.000000,completed,33.88
864,9,9,40,,2025-10-25 04:22:39.000000,completed,430.64
865,144,1,100,,2024-08-06 23:32:13.000000,completed,301.45
866,25,2,,98,2023-03-04 05:16:06.000000,completed,64.29
867,83,1,169,,2023-07-11 10:35:58.257177,completed,65.77
868,159,2,,160,2024-12-04 08:04:14.626042,completed,109.84
869,117,11,201,,2025-10-07 11:49:47.000000,cancelled,4.3
870,11,2,,,2025-04-01 16:05:23.818770,completed,0.0
871,34,1,184,99,2024-08-25 09:09:32.046242,completed,0.0
872,7,3,,,2022-12-10 21:19:25.000000,completed,106.58
873,9,1,40,,2025-06-18 09:59:36.507522,completed,0.0
874,3,7,143,131,2022-11-29 23:18:03.226532,completed,0.0
875,104,3,251,,2025-08-16 22:49:43.002700,completed,137.5
876,26,16,273,121,2023-03-21 12:37:22.198402,returned,15.25
877,5,2,261,,2025-12-02 18:46:17.000000,completed,593.74
878,18,2,208,,2025-12-29 22:21:16.000000,returned,104.54
879,128,1,203,106,2024-11-19 22:07:29.000000,cancelled,62.36
880,2,16,141,32,2023-07-18 20:43:33.133133,shipped,28.8
881,4,2,205,,2025-10-14 18:19:24.841540,completed,215.95
882,199,1,146,,2025-05-13 06:52:57.000000,completed,26.86
883,1,16,221,,2024-07-22 12:09:51.000000,completed,80.74
884,16,33,126,,2024-12-18 05:34:49.000000,completed,16.94
885,2,1,141,,2023-07-18 20:43:33.133133,completed,16.94
886,101,1,287,,2024-04-17 14:18:47.000000,completed,16.94
887,57,7,71,,2024-11-01 10:55:49.000000,completed,194.62
888,83,66,108,,2024-10-03 06:42:40.000000,completed,96.29
889,94,10,79,,2022-09-04 06:54:09.000000,completed,26.86
890,5,72,261,,2025-06-11 11:29:16.000000,completed,33.88
891,3,12,143,108,2023-02-19 05:10:10.000000,completed,21.49
892,7,2,,,2024-01-24 20:04:10.000000,shipped,148.13
893,44,2,191,72,2024-12-06 10:23:31.805552,completed,45.97
894,19,20,41,86,2025-10-05 18:43:38.000000,completed,13.55
895,2,5,141,,2023-07-18 20:43:33.133133,completed,113.58
896,157,10,248,,2025-01-22 15:09:47.000000,completed,0.0
897,44,1,191,,2025-08-18 05:22:07.000000,completed,16.94
898,2,6,141,,2023-07-18 20:43:33.133133,completed,43.8
899,2,8,141,,2025-06-30 21:16:40.000000,completed,84.43
900,68,4,105,136,2025-12-08 06:20:10.932654,completed,124.73
901,15,2,269,,2022-04-22 14:56:31.000000,cancelled,155.36
902,200,4,147,184,2025-01-12 07:09:59.000000,completed,137.69
903,7,1,,,2023-05-24 20:46:05.000000,completed,0.0
904,30,1,,,2025-06-17 05:13:52.716996,completed,242.38
905,191,5,,79,2023-05-11 20:30:00.839918,completed,70.48
906,69,35,76,,2025-09-09 17:09:32.000000,completed,50.82
907,36,1,5,,2023-12-20 14:55:09.376062,completed,91.22
908,113,2,73,188,2025-01-08 21:07:58.000000,completed,137.97
909,5,1,261,,2023-06-29 03:00:40.186768,completed,186.49
910,44,78,191,185,2025-01-31 15:54:38.000000,completed,97.68
911,172,13,,,2024-09-25 21:00:01.822465,completed,256.2
912,12,20,121,179,2024-12-01 00:23:49.001405,completed,124.53
913,119,2,243,73,2025-10-23 15:56:25.451877,cancelled,34.05
914,4,3,205,196,2025-10-14 18:19:24.841540,completed,16.94
915,33,47,209,,2024-08-12 18:52:05.000000,completed,0.0
916,85,37,151,,2023-07-05 12:57:54.000000,returned,94.62
917,9,1,40,,2025-06-18 09:59:36.507522,completed,255.7
918,16,43,126,,2024-06-08 17:42:02.203040,completed,62.74
919,90,6,264,,2024-12-29 14:05:55.670893,completed,261.46
920,74,1,135,,2024-01-27 04:10:09.000000,returned,213.13
921,4,3,205,165,2025-10-14 18:19:24.841540,completed,102.54
922,3,6,165,184,2023-01-07 09:52:41.000000,completed,48.28
923,5,5,262,,2023-09-24 11:55:10.000000,completed,5.96
924,179,1,95,,2023-03-31 00:40:49.000000,returned,0.0
925,77,6,,,2025-10-24 01:09:51.000000,completed,117.15
926,5,2,262,,2025-01-21 23:40:15.000000,returned,97.0
927,2,133,141,,2023-07-18 20:43:33.133133,completed,67.15
928,15,2,269,109,2022-12-05 04:03:20.000000,completed,179.14
929,9,14,40,,2025-06-18 09:59:36.507522,cancelled,107.44
930,48,3,84,172,2025-07-03 06:07:36.000000,completed,227.72
931,177,18,278,,2022-03-23 21:37:22.446242,completed,96.01
932,36,6,5,,2025-07-02 02:54:13.000000,completed,94.62
933,180,3,114,48,2025-10-08 06:39:14.229321,completed,94.97
934,54,1,283,,2024-10-09 04:11:56.142591,shipped,114.93
935,31,11,,,2024-02-29 09:02:02.000000,completed,42.88
936,200,15,147,75,2024-05-22 21:50:57.000000,processing,215.32
937,8,74,162,145,2024-09-03 16:17:44.000000,completed,0.0
938,1,58,221,190,2023-06-05 12:35:23.414200,completed,203.77
939,7,21,,69,2022-09-17 18:14:00.245204,returned,335.91
940,18,3,208,,2025-08-26 20:44:04.000000,completed,153.72
941,3,1,276,,2024-11-06 17:20:29.000000,completed,67.76
942,113,2,256,48,2024-11-12 23:23:37.000000,completed,164.3
943,136,1,227,,2024-04-06 03:32:53.233791,completed,379.83
944,131,2,,,2025-12-21 09:19:15.000000,completed,261.67
945,197,56,137,,2024-05-16 20:11:53.973189,completed,84.7
946,20,2,153,,2023-12-21 02:41:06.000000,completed,115.25
947,179,1,125,,2025-04-23 04:58:46.000000,completed,409.16
948,125,4,234,,2025-09-17 19:12:03.000000,completed,107.32
949,3,1,276,,2022-11-29 23:18:03.226532,completed,33.88
950,173,1,289,,2025-02-24 18:57:05.000000,completed,26.86
951,21,1,260,22,2023-03-26 19:24:09.000000,cancelled,203.52
952,84,2,,,2025-10-29 12:23:43.399600,returned,16.94
953,7,1,,,2022-09-17 18:14:00.245204,completed,188.86
954,4,1,205,72,2025-10-14 18:19:24.841540,completed,47.77
955,125,5,52,,2025-01-21 21:15:34.000000,completed,66.58
956,194,2,258,126,2024-06-05 09:40:30.376227,completed,67.98
957,4,1,205,,2025-10-14 18:19:24.841540,cancelled,197.52
958,180,2,114,162,2025-10-08 06:39:14.229321,completed,404.02
959,32,2,,,2023-09-03 08:35:13.770254,completed,297.45
960,7,1,,35,2025-04-23 04:38:23.000000,completed,191.44
961,17,27,,,2025-06-14 20:58:11.169605,completed,0.0
962,80,6,136,130,2025-06-15 07:21:11.000000,shipped,52.24
963,166,10,231,,2024-03-23 01:19:55.000000,completed,104.54
964,177,30,278,11,2023-10-10 18:43:05.000000,shipped,63.53
965,130,13,13,100,2025-06-21 22:00:22.872278,completed,95.7
966,172,1,,,2024-09-25 21:00:01.822465,completed,67.76
967,192,2,1,121,2025-09-10 04:27:44.258089,completed,152.87
968,20,1,153,,2025-03-08 12:03:22.000000,processing,410.98
969,2,1,141,,2024-10-13 18:37:20.000000,completed,26.86
970,2,2,141,,2025-01-17 14:25:56.000000,completed,130.64
971,7,15,,,2023-01-07 03:11:25.000000,cancelled,0.0
972,73,52,211,,2023-11-22 06:56:45.452766,completed,0.0
973,16,116,126,,2024-06-08 17:42:02.203040,completed,320.06
974,18,1,208,,2024-05-02 01:19:51.272974,completed,97.31
975,13,2,299,,2023-03-08 08:59:28.000000,shipped,142.23
976,10,148,181,,2025-09-29 17:41:01.582144,completed,0.0
977,103,2,155,,2025-09-05 09:14:16.430239,shipped,0.0
978,56,98,212,157,2025-09-03 15:36:05.880569,completed,74.21
979,10,1,181,,2025-09-29 17:41:01.582144,completed,56.78
980,94,1,18,124,2025-11-19 07:12:30.000000,completed,108.9
981,22,13,19,,2023-03-04 09:53:00.623558,completed,16.94
982,28,10,117,,2025-08-25 13:46:35.000000,completed,344.04
983,108,87,215,118,2024-05-02 23:28:47.159176,completed,47.04
984,86,1,280,,2025-08-09 00:48:09.567553,returned,153.72
985,159,5,,,2025-10-12 03:59:18.000000,returned,326.89
986,31,14,,49,2025-11-02 07:42:08.000000,completed,9.02
987,1,2,221,,2024-10-21 08:06:58.000000,completed,195.23
988,8,2,110,196,2023-05-29 21:19:38.000000,completed,18.39
989,3,43,165,,2025-06-16 18:00:28.000000,completed,87.96
990,3,3,165,,2022-11-29 23:18:03.226532,completed,67.76
991,2,27,141,,2024-12-21 00:04:21.000000,completed,97.52
992,18,5,208,,2024-05-02 01:19:51.272974,shipped,230.16
993,98,1,279,,2024-12-15 13:01:09.000000,completed,349.24
994,182,11,31,,2024-05-06 04:46:19.000000,completed,90.29
995,76,1,36,,2024-10-11 19:09:20.000000,returned,135.52
996,31,5,,46,2024-09-19 09:57:35.000000,completed,199.43
997,3,3,143,112,2024-02-05 19:11:21.000000,completed,35.04
998,2,39,141,55,2023-07-18 20:43:33.133133,completed,171.04
999,2,2,141,,2025-09-13 18:38:04.000000,completed,165.61
1000,157,2,226,,2024-11-01 19:43:25.947193,completed,10.19
