order_line_id,order_id,product_id,quantity,promotion_id,unit_price,discount_percent,line_total
1,70,61,2.0,,62.17,0.0,124.34
2,365,4,1.0,,16.33,0.0,16.33
3,769,1,1.0,141,16.94,10.0,15.25
4,950,2,1.0,,26.86,0.0,26.86
5,141,1,1.0,,16.94,0.0,16.94
6,226,2,2.0,,26.86,0.0,53.72
7,774,7,1.0,,53.88,0.0,53.88
8,438,1,1.0,14,16.94,15.0,14.4
9,876,1,1.0,121,16.94,10.0,15.25
10,8,29,3.0,183,32.39,10.0,87.45
11,697,1,1.0,,16.94,0.0,16.94
12,671,1,3.0,,16.94,0.0,50.82
13,67,2,3.0,,26.86,0.0,80.58
14,623,1,1.0,,16.94,0.0,16.94
15,942,1,1.0,48,16.94,10.0,15.25
16,899,6,1.0,,68.1,0.0,68.1
17,779,1,1.0,99,16.94,20.0,13.55
18,414,1,2.0,,16.94,0.0,33.88
19,28,2,1.0,,26.86,0.0,26.86
20,860,3,1.0,,63.43,0.0,63.43
21,368,26,1.0,,50.64,0.0,50.64
22,642,1,1.0,,16.94,0.0,16.94
23,884,1,1.0,,16.94,0.0,16.94
24,685,1,1.0,,16.94,0.0,16.94
25,229,55,1.0,,11.28,0.0,11.28
26,822,1,1.0,,16.94,0.0,16.94
27,777,3,1.0,,63.43,0.0,63.43
28,241,1,1.0,98,16.94,20.0,13.55
29,124,1,4.0,,16.94,0.0,67.76
30,755,14,2.0,135,38.72,15.0,65.82
31,723,1,1.0,,16.94,0.0,16.94
32,523,8,1.0,,10.19,0.0,10.19
33,765,3,1.0,182,63.43,25.0,47.57
34,108,1,2.0,,16.94,0.0,33.88
35,449,96,1.0,,18.58,0.0,18.58
36,277,13,2.0,,28.88,0.0,57.76
37,150,46,1.0,139,11.78,10.0,10.6
38,773,1,1.0,192,16.94,25.0,12.71
39,191,9,1.0,168,9.27,15.0,7.88
40,23,1,3.0,,16.94,0.0,50.82
41,789,17,1.0,,45.19,0.0,45.19
42,508,4,2.0,,16.33,0.0,32.66
43,287,5,1.0,,131.73,0.0,131.73
44,478,88,1.0,,7.81,0.0,7.81
45,712,1,3.0,36,16.94,25.0,38.12
46,687,7,7.0,,53.88,0.0,377.16
47,741,1,3.0,,16.94,0.0,50.82
48,39,1,2.0,111,16.94,20.0,27.1
49,506,1,1.0,,16.94,0.0,16.94
50,869,38,1.0,,4.3,0.0,4.3
51,444,1,1.0,,16.94,0.0,16.94
52,580,1,2.0,,16.94,0.0,33.88
53,552,4,2.0,118,16.33,10.0,29.39
54,845,8,1.0,,10.19,0.0,10.19
55,953,8,1.0,,10.19,0.0,10.19
56,700,13,1.0,183,28.88,10.0,25.99
57,484,18,2.0,,5.96,0.0,11.92
58,647,89,2.0,,52.27,0.0,104.54
59,932,2,1.0,,26.86,0.0,26.86
60,405,1,1.0,185,16.94,50.0,8.47
61,259,3,1.0,,63.43,0.0,63.43
62,573,2,2.0,,26.86,0.0,53.72
63,429,1,1.0,,16.94,0.0,16.94
64,883,7,1.0,,53.88,0.0,53.88
65,90,2,1.0,133,26.86,20.0,21.49
66,261,3,3.0,,63.43,0.0,190.29
67,814,19,1.0,,10.57,0.0,10.57
68,96,28,2.0,,39.7,0.0,79.4
69,468,5,4.0,,131.73,0.0,526.92
70,158,84,3.0,110,45.07,10.0,121.69
71,905,2,1.0,79,26.86,50.0,13.43
72,194,2,1.0,,26.86,0.0,26.86
73,394,1,1.0,,16.94,0.0,16.94
74,273,7,1.0,40,53.88,15.0,45.8
75,877,3,4.0,,63.43,0.0,253.72
76,435,1,5.0,,16.94,0.0,84.7
77,595,1,3.0,,16.94,0.0,50.82
78,340,3,1.0,74,63.43,10.0,57.09
79,766,3,1.0,,63.43,0.0,63.43
80,365,5,2.0,,131.73,0.0,263.46
81,425,2,1.0,,26.86,0.0,26.86
82,786,1,1.0,,16.94,0.0,16.94
83,121,1,3.0,,16.94,0.0,50.82
84,39,1,2.0,111,16.94,20.0,27.1
85,214,1,1.0,,16.94,0.0,16.94
86,875,2,1.0,,26.86,0.0,26.86
87,767,2,2.0,,26.86,0.0,53.72
88,266,1,3.0,10,16.94,15.0,43.2
89,348,1,5.0,,16.94,0.0,84.7
90,125,1,1.0,,16.94,0.0,16.94
91,219,1,1.0,,16.94,0.0,16.94
92,899,4,1.0,,16.33,0.0,16.33
93,887,3,1.0,,63.43,0.0,63.43
94,321,18,2.0,,5.96,0.0,11.92
95,911,74,1.0,,23.37,0.0,23.37
96,98,2,3.0,3,26.86,15.0,68.49
97,968,3,1.0,,63.43,0.0,63.43
98,562,1,2.0,,16.94,0.0,33.88
99,168,1,1.0,30,16.94,10.0,15.25
100,293,1,1.0,,16.94,0.0,16.94
101,436,1,1.0,,16.94,0.0,16.94
102,444,99,3.0,,22.88,0.0,68.64
103,332,1,2.0,76,16.94,5.0,32.19
104,104,2,2.0,79,26.86,50.0,26.86
105,538,1,3.0,,16.94,0.0,50.82
106,129,1,1.0,,16.94,0.0,16.94
107,143,52,2.0,,9.06,0.0,18.12
108,909,37,1.0,,89.18,0.0,89.18
109,184,30,5.0,,30.11,0.0,150.55
110,793,2,1.0,,26.86,0.0,26.86
111,359,1,1.0,131,16.94,20.0,13.55
112,834,1,1.0,,16.94,0.0,16.94
113,379,1,2.0,,16.94,0.0,33.88
114,897,1,1.0,,16.94,0.0,16.94
115,610,1,1.0,122,16.94,20.0,13.55
116,605,2,2.0,64,26.86,20.0,42.98
117,826,1,3.0,,16.94,0.0,50.82
118,100,2,1.0,167,26.86,50.0,13.43
119,507,1,1.0,20,16.94,20.0,13.55
120,369,9,1.0,,9.27,0.0,9.27
121,188,1,4.0,,16.94,0.0,67.76
122,436,2,4.0,,26.86,0.0,107.44
123,326,9,2.0,149,9.27,20.0,14.83
124,285,22,1.0,,80.06,0.0,80.06
125,810,30,3.0,21,30.11,20.0,72.26
126,281,25,2.0,,21.92,0.0,43.84
127,633,9,3.0,109,9.27,20.0,22.25
128,998,9,3.0,55,9.27,50.0,13.9
129,598,4,1.0,,16.33,0.0,16.33
130,369,1,1.0,,16.94,0.0,16.94
131,483,4,3.0,33,16.33,15.0,41.64
132,204,7,1.0,188,53.88,20.0,43.1
133,339,2,1.0,,26.86,0.0,26.86
134,941,1,2.0,,16.94,0.0,33.88
135,723,68,1.0,,24.11,0.0,24.11
136,537,1,1.0,,16.94,0.0,16.94
137,30,64,1.0,92,28.78,20.0,23.02
138,419,2,1.0,,26.86,0.0,26.86
139,598,9,2.0,,9.27,0.0,18.54
140,411,10,1.0,,12.18,0.0,12.18
141,513,3,5.0,,63.43,0.0,317.15
142,276,3,3.0,,63.43,0.0,190.29
143,683,1,1.0,,16.94,0.0,16.94
144,632,43,3.0,,9.94,0.0,29.82
145,392,1,1.0,164,16.94,25.0,12.71
146,642,3,3.0,,63.43,0.0,190.29
147,272,1,1.0,,16.94,0.0,16.94
148,678,1,1.0,,16.94,0.0,16.94
149,708,1,3.0,,16.94,0.0,50.82
150,992,1,1.0,,16.94,0.0,16.94
151,470,5,3.0,156,131.73,20.0,316.15
152,118,7,2.0,,53.88,0.0,107.76
153,879,1,3.0,106,16.94,20.0,40.66
154,62,4,5.0,110,16.33,10.0,73.48
155,290,17,2.0,,45.19,0.0,90.38
156,223,3,1.0,,63.43,0.0,63.43
157,354,45,4.0,193,28.14,10.0,101.3
158,576,37,2.0,,89.18,0.0,178.36
159,906,1,1.0,,16.94,0.0,16.94
160,549,1,1.0,66,16.94,15.0,14.4
161,63,1,1.0,,16.94,0.0,16.94
162,987,1,1.0,,16.94,0.0,16.94
163,603,1,2.0,,16.94,0.0,33.88
164,26,75,1.0,,2.44,0.0,2.44
165,280,8,1.0,79,10.19,50.0,5.1
166,680,1,1.0,,16.94,0.0,16.94
167,859,2,1.0,29,26.86,20.0,21.49
168,384,18,1.0,,5.96,0.0,5.96
169,584,25,2.0,,21.92,0.0,43.84
170,415,1,1.0,98,16.94,20.0,13.55
171,397,56,1.0,,12.41,0.0,12.41
172,123,1,1.0,,16.94,0.0,16.94
173,39,48,7.0,111,10.15,20.0,56.84
174,602,3,1.0,,63.43,0.0,63.43
175,353,1,1.0,58,16.94,25.0,12.71
176,338,2,1.0,,26.86,0.0,26.86
177,254,18,2.0,103,5.96,20.0,9.54
178,864,36,1.0,,26.42,0.0,26.42
179,878,2,2.0,,26.86,0.0,53.72
180,984,3,2.0,,63.43,0.0,126.86
181,587,1,1.0,,16.94,0.0,16.94
182,431,1,2.0,152,16.94,50.0,16.94
183,196,4,4.0,146,16.33,20.0,52.26
184,184,10,2.0,,12.18,0.0,24.36
185,752,2,1.0,,26.86,0.0,26.86
186,747,2,1.0,,26.86,0.0,26.86
187,761,4,1.0,,16.33,0.0,16.33
188,98,8,1.0,3,10.19,15.0,8.66
189,344,3,1.0,90,63.43,15.0,53.92
190,666,1,1.0,,16.94,0.0,16.94
191,228,1,1.0,179,16.94,15.0,14.4
192,636,19,2.0,,10.57,0.0,21.14
193,6,1,1.0,,16.94,0.0,16.94
194,282,4,1.0,,16.33,0.0,16.33
195,741,1,2.0,,16.94,0.0,33.88
196,452,1,1.0,,16.94,0.0,16.94
197,397,1,1.0,,16.94,0.0,16.94
198,685,1,3.0,,16.94,0.0,50.82
199,737,6,1.0,,68.1,0.0,68.1
200,744,1,2.0,,16.94,0.0,33.88
201,265,6,1.0,,68.1,0.0,68.1
202,38,11,1.0,,42.88,0.0,42.88
203,240,1,2.0,,16.94,0.0,33.88
204,733,1,2.0,,16.94,0.0,33.88
205,286,6,1.0,,68.1,0.0,68.1
206,547,1,1.0,,16.94,0.0,16.94
207,140,2,2.0,145,26.86,20.0,42.98
208,431,38,2.0,152,4.3,50.0,4.3
209,777,2,2.0,,26.86,0.0,53.72
210,373,21,2.0,,67.47,0.0,134.94
211,875,1,3.0,,16.94,0.0,50.82
212,65,2,1.0,,26.86,0.0,26.86
213,705,1,2.0,,16.94,0.0,33.88
214,867,9,4.0,,9.27,0.0,37.08
215,351,5,1.0,,131.73,0.0,131.73
216,943,1,1.0,,16.94,0.0,16.94
217,974,3,1.0,,63.43,0.0,63.43
218,70,1,1.0,,16.94,0.0,16.94
219,404,19,2.0,,10.57,0.0,21.14
220,770,1,1.0,,16.94,0.0,16.94
221,800,1,4.0,191,16.94,25.0,50.82
222,853,11,1.0,,42.88,0.0,42.88
223,107,4,1.0,,16.33,0.0,16.33
224,374,3,1.0,,63.43,0.0,63.43
225,35,29,2.0,,32.39,0.0,64.78
226,824,2,1.0,,26.86,0.0,26.86
227,534,93,2.0,,11.46,0.0,22.92
228,914,1,1.0,196,16.94,50.0,8.47
229,909,1,1.0,,16.94,0.0,16.94
230,979,18,1.0,,5.96,0.0,5.96
231,424,5,1.0,102,131.73,15.0,111.97
232,738,59,1.0,,42.25,0.0,42.25
233,760,1,1.0,,16.94,0.0,16.94
234,214,14,1.0,,38.72,0.0,38.72
235,19,1,2.0,,16.94,0.0,33.88
236,163,46,2.0,,11.78,0.0,23.56
237,809,5,4.0,,131.73,0.0,526.92
238,67,5,1.0,,131.73,0.0,131.73
239,85,3,2.0,183,63.43,10.0,114.17
240,995,1,4.0,,16.94,0.0,67.76
241,766,1,1.0,,16.94,0.0,16.94
242,721,11,1.0,135,42.88,15.0,36.45
243,166,1,4.0,,16.94,0.0,67.76
244,892,1,1.0,,16.94,0.0,16.94
245,537,1,1.0,,16.94,0.0,16.94
246,634,3,1.0,43,63.43,10.0,57.09
247,119,1,1.0,,16.94,0.0,16.94
248,911,1,5.0,,16.94,0.0,84.7
249,947,7,1.0,,53.88,0.0,53.88
250,810,1,3.0,21,16.94,20.0,40.66
251,420,34,1.0,,22.14,0.0,22.14
252,919,3,2.0,,63.43,0.0,126.86
253,576,1,2.0,,16.94,0.0,33.88
254,587,1,3.0,,16.94,0.0,50.82
255,499,1,1.0,17,16.94,50.0,8.47
256,514,34,1.0,,22.14,0.0,22.14
257,820,1,1.0,,16.94,0.0,16.94
258,182,1,4.0,17,16.94,50.0,33.88
259,654,7,3.0,,53.88,0.0,161.64
260,262,1,2.0,162,16.94,10.0,30.49
261,140,85,1.0,145,6.85,20.0,5.48
262,116,22,2.0,,80.06,0.0,160.12
263,306,10,1.0,,12.18,0.0,12.18
264,626,20,3.0,,64.55,0.0,193.65
265,456,63,1.0,,9.12,0.0,9.12
266,998,5,1.0,55,131.73,50.0,65.86
267,429,3,2.0,,63.43,0.0,126.86
268,210,1,2.0,,16.94,0.0,33.88
269,312,21,1.0,,67.47,0.0,67.47
270,117,58,1.0,59,36.09,20.0,28.87
271,501,1,2.0,,16.94,0.0,33.88
272,207,1,1.0,,16.94,0.0,16.94
273,999,1,2.0,,16.94,0.0,33.88
274,661,1,1.0,,16.94,0.0,16.94
275,362,1,1.0,193,16.94,10.0,15.25
276,148,1,3.0,,16.94,0.0,50.82
277,799,7,1.0,,53.88,0.0,53.88
278,822,5,1.0,,131.73,0.0,131.73
279,399,1,1.0,,16.94,0.0,16.94
280,992,1,2.0,,16.94,0.0,33.88
281,579,35,2.0,,11.43,0.0,22.86
282,938,37,4.0,190,89.18,50.0,178.36
283,718,1,3.0,,16.94,0.0,50.82
284,389,5,1.0,30,131.73,10.0,118.56
285,779,1,1.0,99,16.94,20.0,13.55
286,478,2,2.0,,26.86,0.0,53.72
287,816,4,1.0,,16.33,0.0,16.33
288,911,1,1.0,,16.94,0.0,16.94
289,533,1,2.0,,16.94,0.0,33.88
290,333,6,1.0,,68.1,0.0,68.1
291,952,1,1.0,,16.94,0.0,16.94
292,129,1,1.0,,16.94,0.0,16.94
293,639,1,4.0,,16.94,0.0,67.76
294,252,1,1.0,,16.94,0.0,16.94
295,165,4,1.0,5,16.33,10.0,14.7
296,778,2,2.0,,26.86,0.0,53.72
297,597,22,1.0,31,80.06,20.0,64.05
298,493,3,1.0,,63.43,0.0,63.43
299,497,1,1.0,91,16.94,10.0,15.25
300,809,1,5.0,,16.94,0.0,84.7
301,184,3,1.0,,63.43,0.0,63.43
302,15,1,5.0,,16.94,0.0,84.7
303,274,4,2.0,,16.33,0.0,32.66
304,944,1,3.0,,16.94,0.0,50.82
305,648,5,2.0,,131.73,0.0,263.46
306,90,1,2.0,133,16.94,20.0,27.1
307,566,21,5.0,,67.47,0.0,337.35
308,363,1,2.0,,16.94,0.0,33.88
309,688,50,1.0,,11.38,0.0,11.38
310,332,18,2.0,76,5.96,5.0,11.32
311,802,3,2.0,,63.43,0.0,126.86
312,86,16,1.0,,10.28,0.0,10.28
313,967,1,3.0,121,16.94,10.0,45.74
314,493,1,3.0,,16.94,0.0,50.82
315,93,1,4.0,123,16.94,10.0,60.98
316,297,2,1.0,,26.86,0.0,26.86
317,988,27,2.0,196,18.39,50.0,18.39
318,892,1,2.0,,16.94,0.0,33.88
319,618,1,3.0,,16.94,0.0,50.82
320,708,5,1.0,,131.73,0.0,131.73
321,714,1,1.0,,16.94,0.0,16.94
322,892,1,1.0,,16.94,0.0,16.94
323,289,1,3.0,,16.94,0.0,50.82
324,707,3,3.0,141,63.43,10.0,171.26
325,921,7,1.0,165,53.88,50.0,26.94
326,443,1,1.0,,16.94,0.0,16.94
327,502,2,1.0,79,26.86,50.0,13.43
328,743,8,1.0,,10.19,0.0,10.19
329,218,41,4.0,,21.92,0.0,87.68
330,921,1,2.0,165,16.94,50.0,16.94
331,669,5,1.0,,131.73,0.0,131.73
332,343,1,1.0,,16.94,0.0,16.94
333,260,2,3.0,,26.86,0.0,80.58
334,79,1,1.0,141,16.94,10.0,15.25
335,139,2,2.0,,26.86,0.0,53.72
336,685,1,1.0,,16.94,0.0,16.94
337,809,1,1.0,,16.94,0.0,16.94
338,520,2,2.0,,26.86,0.0,53.72
339,64,9,1.0,,9.27,0.0,9.27
340,435,1,1.0,,16.94,0.0,16.94
341,253,27,6.0,163,18.39,20.0,88.27
342,535,1,1.0,,16.94,0.0,16.94
343,864,3,1.0,,63.43,0.0,63.43
344,451,42,2.0,78,15.19,15.0,25.82
345,316,1,4.0,62,16.94,20.0,54.21
346,550,1,1.0,45,16.94,15.0,14.4
347,123,1,2.0,,16.94,0.0,33.88
348,577,4,1.0,,16.33,0.0,16.33
349,957,3,1.0,,63.43,0.0,63.43
350,547,1,1.0,,16.94,0.0,16.94
351,552,2,1.0,118,26.86,10.0,24.17
352,305,1,1.0,,16.94,0.0,16.94
353,867,15,1.0,,28.69,0.0,28.69
354,550,1,2.0,45,16.94,15.0,28.8
355,782,15,1.0,27,28.69,20.0,22.95
356,184,4,1.0,,16.33,0.0,16.33
357,700,3,1.0,183,63.43,10.0,57.09
358,567,2,3.0,,26.86,0.0,80.58
359,153,1,3.0,,16.94,0.0,50.82
360,94,1,1.0,,16.94,0.0,16.94
361,759,99,1.0,,22.88,0.0,22.88
362,681,10,1.0,,12.18,0.0,12.18
363,847,1,1.0,,16.94,0.0,16.94
364,370,14,2.0,178,38.72,20.0,61.95
365,690,1,2.0,138,16.94,10.0,30.49
366,926,22,1.0,,80.06,0.0,80.06
367,729,4,1.0,,16.33,0.0,16.33
368,143,9,2.0,,9.27,0.0,18.54
369,141,1,2.0,,16.94,0.0,33.88
370,265,1,1.0,,16.94,0.0,16.94
371,834,1,3.0,,16.94,0.0,50.82
372,887,1,2.0,,16.94,0.0,33.88
373,846,1,3.0,,16.94,0.0,50.82
374,572,1,2.0,120,16.94,10.0,30.49
375,745,2,1.0,,26.86,0.0,26.86
376,980,3,1.0,124,63.43,5.0,60.26
377,707,1,1.0,141,16.94,10.0,15.25
378,910,2,2.0,185,26.86,50.0,26.86
379,701,10,1.0,,12.18,0.0,12.18
380,231,1,5.0,,16.94,0.0,84.7
381,852,56,2.0,,12.41,0.0,24.82
382,616,32,1.0,,16.28,0.0,16.28
383,253,1,1.0,163,16.94,20.0,13.55
384,902,32,3.0,184,16.28,5.0,46.4
385,797,2,1.0,,26.86,0.0,26.86
386,716,1,1.0,,16.94,0.0,16.94
387,998,6,1.0,55,68.1,50.0,34.05
388,608,1,1.0,,16.94,0.0,16.94
389,186,1,1.0,,16.94,0.0,16.94
390,643,3,2.0,,63.43,0.0,126.86
391,613,2,6.0,,26.86,0.0,161.16
392,303,1,1.0,76,16.94,5.0,16.09
393,684,12,1.0,,6.65,0.0,6.65
394,252,2,1.0,,26.86,0.0,26.86
395,299,2,1.0,,26.86,0.0,26.86
396,783,100,2.0,137,46.77,10.0,84.19
397,637,1,1.0,72,16.94,20.0,13.55
398,908,7,1.0,188,53.88,20.0,43.1
399,254,14,2.0,103,38.72,20.0,61.95
400,550,9,2.0,45,9.27,15.0,15.76
401,450,1,3.0,146,16.94,20.0,40.66
402,136,1,1.0,,16.94,0.0,16.94
403,496,11,2.0,,42.88,0.0,85.76
404,174,5,1.0,,131.73,0.0,131.73
405,284,2,2.0,,26.86,0.0,53.72
406,674,1,1.0,,16.94,0.0,16.94
407,922,1,1.0,184,16.94,5.0,16.09
408,452,12,1.0,,6.65,0.0,6.65
409,758,13,1.0,,28.88,0.0,28.88
410,259,1,1.0,,16.94,0.0,16.94
411,221,1,1.0,1,16.94,10.0,15.25
412,176,1,2.0,159,16.94,20.0,27.1
413,599,1,1.0,,16.94,0.0,16.94
414,561,1,2.0,,16.94,0.0,33.88
415,473,2,1.0,,26.86,0.0,26.86
416,945,1,2.0,,16.94,0.0,33.88
417,180,98,4.0,34,6.07,20.0,19.42
418,895,1,2.0,,16.94,0.0,33.88
419,314,2,1.0,,26.86,0.0,26.86
420,213,1,1.0,,16.94,0.0,16.94
421,558,3,1.0,,63.43,0.0,63.43
422,936,3,1.0,75,63.43,10.0,57.09
423,784,1,1.0,25,16.94,20.0,13.55
424,321,1,3.0,,16.94,0.0,50.82
425,837,2,2.0,,26.86,0.0,53.72
426,861,2,1.0,50,26.86,15.0,22.83
427,620,10,1.0,,12.18,0.0,12.18
428,544,28,1.0,85,39.7,50.0,19.85
429,706,2,1.0,,26.86,0.0,26.86
430,238,2,1.0,,26.86,0.0,26.86
431,217,1,1.0,,16.94,0.0,16.94
432,707,1,2.0,141,16.94,10.0,30.49
433,92,1,1.0,,16.94,0.0,16.94
434,252,2,2.0,,26.86,0.0,53.72
435,647,3,1.0,,63.43,0.0,63.43
436,96,2,1.0,,26.86,0.0,26.86
437,624,2,1.0,,26.86,0.0,26.86
438,11,2,1.0,,26.86,0.0,26.86
439,917,1,1.0,,16.94,0.0,16.94
440,103,1,3.0,,16.94,0.0,50.82
441,678,1,1.0,,16.94,0.0,16.94
442,89,30,1.0,73,30.11,50.0,15.06
443,721,1,2.0,135,16.94,15.0,28.8
444,520,6,1.0,,68.1,0.0,68.1
445,498,2,2.0,8,26.86,20.0,42.98
446,751,1,2.0,,16.94,0.0,33.88
447,291,2,2.0,,26.86,0.0,53.72
448,451,1,3.0,78,16.94,15.0,43.2
449,115,1,1.0,,16.94,0.0,16.94
450,601,29,1.0,173,32.39,20.0,25.91
451,46,1,1.0,,16.94,0.0,16.94
452,811,12,2.0,,6.65,0.0,13.3
453,23,1,1.0,,16.94,0.0,16.94
454,993,1,1.0,,16.94,0.0,16.94
455,983,1,2.0,118,16.94,10.0,30.49
456,962,4,3.0,130,16.33,10.0,44.09
457,1,7,2.0,18,53.88,5.0,102.37
458,174,1,1.0,,16.94,0.0,16.94
459,919,2,3.0,,26.86,0.0,80.58
460,147,34,2.0,49,22.14,20.0,35.42
461,373,2,1.0,,26.86,0.0,26.86
462,439,1,1.0,,16.94,0.0,16.94
463,199,1,1.0,,16.94,0.0,16.94
464,56,6,2.0,,68.1,0.0,136.2
465,473,1,1.0,,16.94,0.0,16.94
466,442,1,4.0,,16.94,0.0,67.76
467,609,1,2.0,,16.94,0.0,33.88
468,957,2,2.0,,26.86,0.0,53.72
469,97,1,1.0,111,16.94,20.0,13.55
470,117,5,1.0,59,131.73,20.0,105.38
471,517,2,1.0,,26.86,0.0,26.86
472,376,1,1.0,,16.94,0.0,16.94
473,557,5,8.0,,131.73,0.0,1053.84
474,736,2,2.0,,26.86,0.0,53.72
475,815,1,3.0,,16.94,0.0,50.82
476,70,1,2.0,,16.94,0.0,33.88
477,735,1,3.0,,16.94,0.0,50.82
478,655,2,2.0,43,26.86,10.0,48.35
479,838,1,1.0,,16.94,0.0,16.94
480,701,1,1.0,,16.94,0.0,16.94
481,352,1,4.0,,16.94,0.0,67.76
482,41,8,1.0,,10.19,0.0,10.19
483,1000,8,1.0,,10.19,0.0,10.19
484,354,26,1.0,193,50.64,10.0,45.58
485,370,23,2.0,178,4.45,20.0,7.12
486,925,3,1.0,,63.43,0.0,63.43
487,200,4,2.0,,16.33,0.0,32.66
488,582,1,3.0,,16.94,0.0,50.82
489,942,5,1.0,48,131.73,10.0,118.56
490,516,75,2.0,90,2.44,15.0,4.15
491,378,17,4.0,,45.19,0.0,180.76
492,798,13,2.0,,28.88,0.0,57.76
493,628,6,1.0,,68.1,0.0,68.1
494,427,1,1.0,120,16.94,10.0,15.25
495,481,2,2.0,57,26.86,10.0,48.35
496,717,8,1.0,,10.19,0.0,10.19
497,291,14,4.0,,38.72,0.0,154.88
498,69,1,1.0,,16.94,0.0,16.94
499,503,3,2.0,58,63.43,25.0,95.14
500,258,1,1.0,77,16.94,20.0,13.55
501,970,1,1.0,,16.94,0.0,16.94
502,367,2,2.0,,26.86,0.0,53.72
503,615,2,1.0,188,26.86,20.0,21.49
504,349,1,3.0,,16.94,0.0,50.82
505,242,2,1.0,,26.86,0.0,26.86
506,525,37,1.0,,89.18,0.0,89.18
507,801,1,2.0,,16.94,0.0,33.88
508,541,2,1.0,119,26.86,15.0,22.83
509,238,6,1.0,,68.1,0.0,68.1
510,667,33,3.0,,42.57,0.0,127.71
511,743,1,2.0,,16.94,0.0,33.88
512,810,9,3.0,21,9.27,20.0,22.25
513,398,9,2.0,,9.27,0.0,18.54
514,224,5,2.0,46,131.73,15.0,223.94
515,69,15,1.0,,28.69,0.0,28.69
516,304,2,2.0,114,26.86,20.0,42.98
517,374,1,1.0,,16.94,0.0,16.94
518,199,10,1.0,,12.18,0.0,12.18
519,810,1,2.0,21,16.94,20.0,27.1
520,498,12,2.0,8,6.65,20.0,10.64
521,444,1,1.0,,16.94,0.0,16.94
522,358,1,2.0,,16.94,0.0,33.88
523,212,1,1.0,175,16.94,10.0,15.25
524,393,6,3.0,,68.1,0.0,204.3
525,264,2,1.0,,26.86,0.0,26.86
526,846,23,1.0,,4.45,0.0,4.45
527,322,2,1.0,171,26.86,20.0,21.49
528,457,1,3.0,155,16.94,20.0,40.66
529,426,2,1.0,55,26.86,50.0,13.43
530,943,6,3.0,,68.1,0.0,204.3
531,450,32,3.0,146,16.28,20.0,39.07
532,811,44,1.0,,6.31,0.0,6.31
533,307,8,1.0,,10.19,0.0,10.19
534,601,1,5.0,173,16.94,20.0,67.76
535,550,13,1.0,45,28.88,15.0,24.55
536,183,1,3.0,,16.94,0.0,50.82
537,748,1,1.0,,16.94,0.0,16.94
538,628,5,2.0,,131.73,0.0,263.46
539,394,8,2.0,,10.19,0.0,20.38
540,812,16,1.0,,10.28,0.0,10.28
541,189,58,2.0,,36.09,0.0,72.18
542,738,14,1.0,,38.72,0.0,38.72
543,822,45,1.0,,28.14,0.0,28.14
544,253,2,2.0,163,26.86,20.0,42.98
545,577,1,1.0,,16.94,0.0,16.94
546,997,2,1.0,112,26.86,20.0,21.49
547,306,2,1.0,,26.86,0.0,26.86
548,484,5,2.0,,131.73,0.0,263.46
549,256,1,1.0,93,16.94,50.0,8.47
550,444,1,1.0,,16.94,0.0,16.94
551,928,28,3.0,109,39.7,20.0,95.28
552,703,1,1.0,,16.94,0.0,16.94
553,413,6,1.0,,68.1,0.0,68.1
554,818,4,1.0,129,16.33,15.0,13.88
555,866,1,1.0,98,16.94,20.0,13.55
556,87,16,1.0,191,10.28,25.0,7.71
557,125,24,2.0,,6.84,0.0,13.68
558,231,2,3.0,,26.86,0.0,80.58
559,233,1,1.0,,16.94,0.0,16.94
560,714,75,1.0,,2.44,0.0,2.44
561,627,2,1.0,,26.86,0.0,26.86
562,913,6,1.0,73,68.1,50.0,34.05
563,284,2,2.0,,26.86,0.0,53.72
564,854,1,1.0,70,16.94,20.0,13.55
565,893,12,1.0,72,6.65,20.0,5.32
566,322,1,1.0,171,16.94,20.0,13.55
567,947,2,1.0,,26.86,0.0,26.86
568,310,1,2.0,,16.94,0.0,33.88
569,705,1,1.0,,16.94,0.0,16.94
570,579,3,1.0,,63.43,0.0,63.43
571,95,1,1.0,,16.94,0.0,16.94
572,962,52,1.0,130,9.06,10.0,8.15
573,819,2,1.0,,26.86,0.0,26.86
574,422,2,1.0,188,26.86,20.0,21.49
575,67,2,1.0,,26.86,0.0,26.86
576,638,3,1.0,62,63.43,20.0,50.74
577,294,5,3.0,,131.73,0.0,395.19
578,861,1,2.0,50,16.94,15.0,28.8
579,27,1,1.0,77,16.94,20.0,13.55
580,171,8,1.0,,10.19,0.0,10.19
581,544,2,1.0,85,26.86,50.0,13.43
582,299,1,3.0,,16.94,0.0,50.82
583,452,6,2.0,,68.1,0.0,136.2
584,502,3,2.0,79,63.43,50.0,63.43
585,746,1,2.0,,16.94,0.0,33.88
586,886,1,1.0,,16.94,0.0,16.94
587,533,3,3.0,,63.43,0.0,190.29
588,929,2,4.0,,26.86,0.0,107.44
589,534,4,1.0,,16.33,0.0,16.33
590,813,11,2.0,,42.88,0.0,85.76
591,222,10,1.0,135,12.18,15.0,10.35
592,506,4,1.0,,16.33,0.0,16.33
593,103,1,2.0,,16.94,0.0,33.88
594,789,6,4.0,,68.1,0.0,272.4
595,720,5,3.0,62,131.73,20.0,316.15
596,380,1,1.0,136,16.94,10.0,15.25
597,134,2,2.0,,26.86,0.0,53.72
598,902,4,2.0,184,16.33,5.0,31.03
599,399,2,1.0,,26.86,0.0,26.86
600,28,3,1.0,,63.43,0.0,63.43
601,318,1,2.0,142,16.94,15.0,28.8
602,274,4,1.0,,16.33,0.0,16.33
603,989,16,1.0,,10.28,0.0,10.28
604,139,51,2.0,,4.59,0.0,9.18
605,359,3,1.0,131,63.43,20.0,50.74
606,989,1,1.0,,16.94,0.0,16.94
607,546,1,1.0,,16.94,0.0,16.94
608,969,2,1.0,,26.86,0.0,26.86
609,296,1,2.0,,16.94,0.0,33.88
610,301,2,1.0,56,26.86,15.0,22.83
611,42,1,1.0,,16.94,0.0,16.94
612,934,17,1.0,,45.19,0.0,45.19
613,725,2,1.0,,26.86,0.0,26.86
614,904,21,2.0,,67.47,0.0,134.94
615,528,36,6.0,,26.42,0.0,158.52
616,314,3,1.0,,63.43,0.0,63.43
617,416,4,1.0,191,16.33,25.0,12.25
618,95,4,1.0,,16.33,0.0,16.33
619,643,1,1.0,,16.94,0.0,16.94
620,514,2,1.0,,26.86,0.0,26.86
621,732,1,1.0,27,16.94,20.0,13.55
622,805,1,1.0,34,16.94,20.0,13.55
623,356,1,2.0,,16.94,0.0,33.88
624,737,3,1.0,,63.43,0.0,63.43
625,208,1,7.0,,16.94,0.0,118.58
626,416,1,1.0,191,16.94,25.0,12.71
627,446,4,4.0,,16.33,0.0,65.32
628,570,62,1.0,,25.52,0.0,25.52
629,140,1,1.0,145,16.94,20.0,13.55
630,207,38,1.0,,4.3,0.0,4.3
631,307,1,2.0,,16.94,0.0,33.88
632,46,37,3.0,,89.18,0.0,267.54
633,750,2,1.0,,26.86,0.0,26.86
634,507,2,1.0,20,26.86,20.0,21.49
635,540,2,2.0,,26.86,0.0,53.72
636,807,21,1.0,85,67.47,50.0,33.74
637,565,1,2.0,,16.94,0.0,33.88
638,772,1,5.0,,16.94,0.0,84.7
639,813,23,2.0,,4.45,0.0,8.9
640,682,1,2.0,,16.94,0.0,33.88
641,872,9,1.0,,9.27,0.0,9.27
642,958,5,3.0,162,131.73,10.0,355.67
643,502,1,1.0,79,16.94,50.0,8.47
644,894,1,1.0,86,16.94,20.0,13.55
645,86,11,1.0,,42.88,0.0,42.88
646,130,1,4.0,,16.94,0.0,67.76
647,370,1,1.0,178,16.94,20.0,13.55
648,835,1,1.0,,16.94,0.0,16.94
649,785,3,3.0,17,63.43,50.0,95.14
650,620,2,1.0,,26.86,0.0,26.86
651,953,9,2.0,,9.27,0.0,18.54
652,476,6,3.0,123,68.1,10.0,183.87
653,458,10,1.0,,12.18,0.0,12.18
654,605,1,1.0,64,16.94,20.0,13.55
655,621,7,1.0,,53.88,0.0,53.88
656,464,1,1.0,,16.94,0.0,16.94
657,900,7,1.0,136,53.88,10.0,48.49
658,642,4,1.0,,16.33,0.0,16.33
659,265,3,1.0,,63.43,0.0,63.43
660,105,2,3.0,,26.86,0.0,80.58
661,53,35,3.0,,11.43,0.0,34.29
662,992,5,1.0,,131.73,0.0,131.73
663,463,1,1.0,,16.94,0.0,16.94
664,836,1,5.0,51,16.94,50.0,42.35
665,588,1,2.0,177,16.94,25.0,25.41
666,973,1,1.0,,16.94,0.0,16.94
667,697,1,1.0,,16.94,0.0,16.94
668,887,1,1.0,,16.94,0.0,16.94
669,795,6,1.0,,68.1,0.0,68.1
670,506,5,1.0,,131.73,0.0,131.73
671,893,1,1.0,72,16.94,20.0,13.55
672,66,5,1.0,,131.73,0.0,131.73
673,617,8,1.0,183,10.19,10.0,9.17
674,342,1,1.0,,16.94,0.0,16.94
675,82,14,2.0,,38.72,0.0,77.44
676,804,20,2.0,,64.55,0.0,129.1
677,283,3,1.0,,63.43,0.0,63.43
678,539,1,2.0,,16.94,0.0,33.88
679,272,1,2.0,,16.94,0.0,33.88
680,823,5,1.0,145,131.73,20.0,105.38
681,448,1,1.0,,16.94,0.0,16.94
682,506,1,1.0,,16.94,0.0,16.94
683,746,2,1.0,,26.86,0.0,26.86
684,621,1,2.0,,16.94,0.0,33.88
685,366,70,1.0,162,20.75,10.0,18.68
686,872,1,1.0,,16.94,0.0,16.94
687,549,96,4.0,66,18.58,15.0,63.17
688,594,1,1.0,52,16.94,20.0,13.55
689,101,32,1.0,38,16.28,15.0,13.84
690,909,1,1.0,,16.94,0.0,16.94
691,975,70,1.0,,20.75,0.0,20.75
692,662,45,6.0,,28.14,0.0,168.84
693,384,2,1.0,,26.86,0.0,26.86
694,296,5,3.0,,131.73,0.0,395.19
695,223,4,1.0,,16.33,0.0,16.33
696,693,1,1.0,,16.94,0.0,16.94
697,875,1,1.0,,16.94,0.0,16.94
698,229,8,1.0,,10.19,0.0,10.19
699,526,1,1.0,,16.94,0.0,16.94
700,630,1,1.0,10,16.94,15.0,14.4
701,621,21,2.0,,67.47,0.0,134.94
702,714,1,1.0,,16.94,0.0,16.94
703,277,12,1.0,,6.65,0.0,6.65
704,905,29,3.0,79,32.39,50.0,48.58
705,35,2,2.0,,26.86,0.0,53.72
706,607,1,1.0,25,16.94,20.0,13.55
707,724,29,4.0,10,32.39,15.0,110.13
708,200,5,1.0,,131.73,0.0,131.73
709,111,7,1.0,,53.88,0.0,53.88
710,725,5,2.0,,131.73,0.0,263.46
711,117,4,1.0,59,16.33,20.0,13.06
712,445,18,2.0,,5.96,0.0,11.92
713,5,42,1.0,,15.19,0.0,15.19
714,133,1,3.0,145,16.94,20.0,40.66
715,428,1,3.0,,16.94,0.0,50.82
716,696,1,5.0,,16.94,0.0,84.7
717,676,2,2.0,103,26.86,20.0,42.98
718,135,1,2.0,180,16.94,20.0,27.1
719,457,68,1.0,155,24.11,20.0,19.29
720,907,2,2.0,,26.86,0.0,53.72
721,732,1,3.0,27,16.94,20.0,40.66
722,846,89,1.0,,52.27,0.0,52.27
723,818,3,1.0,129,63.43,15.0,53.92
724,491,1,1.0,,16.94,0.0,16.94
725,805,3,1.0,34,63.43,20.0,50.74
726,682,1,7.0,,16.94,0.0,118.58
727,844,62,2.0,181,25.52,10.0,45.94
728,839,2,2.0,,26.86,0.0,53.72
729,352,1,3.0,,16.94,0.0,50.82
730,695,1,2.0,,16.94,0.0,33.88
731,947,1,1.0,,16.94,0.0,16.94
732,243,1,1.0,,16.94,0.0,16.94
733,845,1,1.0,,16.94,0.0,16.94
734,48,18,2.0,,5.96,0.0,11.92
735,390,11,2.0,,42.88,0.0,85.76
736,879,1,1.0,106,16.94,20.0,13.55
737,458,1,3.0,,16.94,0.0,50.82
738,122,3,2.0,126,63.43,10.0,114.17
739,668,4,1.0,,16.33,0.0,16.33
740,49,1,1.0,,16.94,0.0,16.94
741,645,1,2.0,151,16.94,10.0,30.49
742,95,2,1.0,,26.86,0.0,26.86
743,536,4,1.0,,16.33,0.0,16.33
744,108,4,1.0,,16.33,0.0,16.33
745,804,1,1.0,,16.94,0.0,16.94
746,144,82,1.0,,29.52,0.0,29.52
747,35,2,1.0,,26.86,0.0,26.86
748,70,1,2.0,,16.94,0.0,33.88
749,47,1,1.0,,16.94,0.0,16.94
750,933,2,1.0,48,26.86,10.0,24.17
751,173,6,4.0,44,68.1,10.0,245.16
752,14,1,1.0,170,16.94,10.0,15.25
753,361,2,3.0,,26.86,0.0,80.58
754,619,2,2.0,171,26.86,20.0,42.98
755,766,3,3.0,,63.43,0.0,190.29
756,190,4,3.0,113,16.33,20.0,39.19
757,446,3,1.0,,63.43,0.0,63.43
758,13,1,5.0,169,16.94,15.0,72.0
759,812,1,1.0,,16.94,0.0,16.94
760,265,6,2.0,,68.1,0.0,136.2
761,388,10,1.0,,12.18,0.0,12.18
762,532,1,2.0,,16.94,0.0,33.88
763,709,1,1.0,70,16.94,20.0,13.55
764,266,2,1.0,10,26.86,15.0,22.83
765,851,19,1.0,,10.57,0.0,10.57
766,597,3,1.0,31,63.43,20.0,50.74
767,900,1,3.0,136,16.94,10.0,45.74
768,621,6,2.0,,68.1,0.0,136.2
769,37,14,3.0,,38.72,0.0,116.16
770,492,2,2.0,109,26.86,20.0,42.98
771,150,2,2.0,139,26.86,10.0,48.35
772,818,1,4.0,129,16.94,15.0,57.6
773,677,12,3.0,,6.65,0.0,19.95
774,970,1,3.0,,16.94,0.0,50.82
775,379,14,3.0,,38.72,0.0,116.16
776,632,1,3.0,,16.94,0.0,50.82
777,9,2,1.0,,26.86,0.0,26.86
778,126,1,2.0,,16.94,0.0,33.88
779,671,1,1.0,,16.94,0.0,16.94
780,805,8,1.0,34,10.19,20.0,8.15
781,317,1,2.0,,16.94,0.0,33.88
782,40,16,1.0,23,10.28,20.0,8.22
783,293,1,1.0,,16.94,0.0,16.94
784,963,1,2.0,,16.94,0.0,33.88
785,308,46,2.0,136,11.78,10.0,21.2
786,279,2,1.0,,26.86,0.0,26.86
787,374,1,3.0,,16.94,0.0,50.82
788,603,6,3.0,,68.1,0.0,204.3
789,547,2,1.0,,26.86,0.0,26.86
790,785,21,1.0,17,67.47,50.0,33.74
791,17,1,1.0,,16.94,0.0,16.94
792,243,3,1.0,,63.43,0.0,63.43
793,301,4,1.0,56,16.33,15.0,13.88
794,589,1,1.0,,16.94,0.0,16.94
795,308,2,1.0,136,26.86,10.0,24.17
796,760,2,1.0,,26.86,0.0,26.86
797,9,3,3.0,,63.43,0.0,190.29
798,237,2,1.0,109,26.86,20.0,21.49
799,367,1,2.0,,16.94,0.0,33.88
800,417,13,1.0,,28.88,0.0,28.88
801,944,27,1.0,,18.39,0.0,18.39
802,79,1,1.0,141,16.94,10.0,15.25
803,202,17,1.0,53,45.19,10.0,40.67
804,684,6,1.0,,68.1,0.0,68.1
805,60,1,2.0,174,16.94,10.0,30.49
806,34,18,1.0,,5.96,0.0,5.96
807,964,1,2.0,11,16.94,25.0,25.41
808,558,8,1.0,,10.19,0.0,10.19
809,604,1,2.0,92,16.94,20.0,27.1
810,418,1,1.0,44,16.94,10.0,15.25
811,224,2,1.0,46,26.86,15.0,22.83
812,592,1,2.0,64,16.94,20.0,27.1
813,503,1,1.0,58,16.94,25.0,12.71
814,841,1,1.0,,16.94,0.0,16.94
815,255,1,1.0,177,16.94,25.0,12.71
816,877,1,2.0,,16.94,0.0,33.88
817,149,5,1.0,,131.73,0.0,131.73
818,279,34,2.0,,22.14,0.0,44.28
819,297,3,2.0,,63.43,0.0,126.86
820,888,33,1.0,,42.57,0.0,42.57
821,609,1,1.0,,16.94,0.0,16.94
822,610,2,1.0,122,26.86,20.0,21.49
823,668,1,2.0,,16.94,0.0,33.88
824,409,2,1.0,,26.86,0.0,26.86
825,652,2,3.0,51,26.86,50.0,40.29
826,841,3,1.0,,63.43,0.0,63.43
827,660,2,1.0,176,26.86,50.0,13.43
828,303,1,4.0,76,16.94,5.0,64.37
829,930,25,1.0,172,21.92,15.0,18.63
830,940,3,1.0,,63.43,0.0,63.43
831,170,2,1.0,,26.86,0.0,26.86
832,14,1,3.0,170,16.94,10.0,45.74
833,96,2,2.0,,26.86,0.0,53.72
834,459,1,1.0,,16.94,0.0,16.94
835,411,68,1.0,,24.11,0.0,24.11
836,633,1,1.0,109,16.94,20.0,13.55
837,719,48,3.0,85,10.15,50.0,15.23
838,480,8,2.0,,10.19,0.0,20.38
839,292,1,1.0,76,16.94,5.0,16.09
840,775,1,2.0,,16.94,0.0,33.88
841,428,1,1.0,,16.94,0.0,16.94
842,249,4,5.0,,16.33,0.0,81.65
843,444,1,1.0,,16.94,0.0,16.94
844,175,53,2.0,,16.88,0.0,33.76
845,657,6,2.0,,68.1,0.0,136.2
846,83,2,1.0,,26.86,0.0,26.86
847,960,35,1.0,35,11.43,5.0,10.86
848,768,1,2.0,,16.94,0.0,33.88
849,588,17,1.0,177,45.19,25.0,33.89
850,785,1,1.0,17,16.94,50.0,8.47
851,137,1,1.0,,16.94,0.0,16.94
852,298,1,2.0,,16.94,0.0,33.88
853,652,1,1.0,51,16.94,50.0,8.47
854,946,91,1.0,,81.37,0.0,81.37
855,861,4,2.0,50,16.33,15.0,27.76
856,220,1,1.0,,16.94,0.0,16.94
857,930,3,1.0,172,63.43,15.0,53.92
858,461,1,1.0,77,16.94,20.0,13.55
859,400,1,3.0,50,16.94,15.0,43.2
860,556,14,4.0,,38.72,0.0,154.88
861,544,1,1.0,85,16.94,50.0,8.47
862,240,3,1.0,,63.43,0.0,63.43
863,753,94,1.0,34,48.26,20.0,38.61
864,156,13,1.0,,28.88,0.0,28.88
865,158,1,1.0,110,16.94,10.0,15.25
866,909,3,1.0,,63.43,0.0,63.43
867,278,2,2.0,,26.86,0.0,53.72
868,289,8,1.0,,10.19,0.0,10.19
869,219,4,2.0,,16.33,0.0,32.66
870,828,1,1.0,,16.94,0.0,16.94
871,843,1,1.0,,16.94,0.0,16.94
872,135,1,2.0,180,16.94,20.0,27.1
873,789,8,2.0,,10.19,0.0,20.38
874,982,27,2.0,,18.39,0.0,36.78
875,33,5,2.0,175,131.73,10.0,237.11
876,35,1,3.0,,16.94,0.0,50.82
877,170,4,1.0,,16.33,0.0,16.33
878,481,1,1.0,57,16.94,10.0,15.25
879,699,3,1.0,21,63.43,20.0,50.74
880,993,2,1.0,,26.86,0.0,26.86
881,895,13,1.0,,28.88,0.0,28.88
882,945,1,2.0,,16.94,0.0,33.88
883,790,4,1.0,,16.33,0.0,16.33
884,891,2,1.0,108,26.86,20.0,21.49
885,946,1,1.0,,16.94,0.0,16.94
886,815,1,1.0,,16.94,0.0,16.94
887,191,4,1.0,168,16.33,15.0,13.88
888,576,1,2.0,,16.94,0.0,33.88
889,199,12,2.0,,6.65,0.0,13.3
890,593,18,2.0,,5.96,0.0,11.92
891,453,1,2.0,64,16.94,20.0,27.1
892,624,7,1.0,,53.88,0.0,53.88
893,795,1,2.0,,16.94,0.0,33.88
894,623,1,1.0,,16.94,0.0,16.94
895,822,1,6.0,,16.94,0.0,101.64
896,469,1,1.0,,16.94,0.0,16.94
897,172,1,1.0,,16.94,0.0,16.94
898,361,3,2.0,,63.43,0.0,126.86
899,392,10,1.0,164,12.18,25.0,9.14
900,550,1,3.0,45,16.94,15.0,43.2
901,940,2,1.0,,26.86,0.0,26.86
902,372,20,1.0,110,64.55,10.0,58.1
903,176,11,2.0,159,42.88,20.0,68.61
904,728,1,1.0,,16.94,0.0,16.94
905,655,1,1.0,43,16.94,10.0,15.25
906,920,65,3.0,,27.72,0.0,83.16
907,862,1,3.0,,16.94,0.0,50.82
908,89,1,3.0,73,16.94,50.0,25.41
909,802,3,1.0,,63.43,0.0,63.43
910,47,1,1.0,,16.94,0.0,16.94
911,501,1,1.0,,16.94,0.0,16.94
912,386,1,1.0,,16.94,0.0,16.94
913,259,17,1.0,,45.19,0.0,45.19
914,61,1,1.0,135,16.94,15.0,14.4
915,405,3,3.0,185,63.43,50.0,95.14
916,334,6,5.0,44,68.1,10.0,306.45
917,865,4,1.0,,16.33,0.0,16.33
918,32,1,1.0,,16.94,0.0,16.94
919,657,1,1.0,,16.94,0.0,16.94
920,910,7,2.0,185,53.88,50.0,53.88
921,112,1,1.0,,16.94,0.0,16.94
922,58,5,1.0,,131.73,0.0,131.73
923,592,1,2.0,64,16.94,20.0,27.1
924,323,2,1.0,,26.86,0.0,26.86
925,986,55,1.0,49,11.28,20.0,9.02
926,727,2,1.0,126,26.86,10.0,24.17
927,761,7,1.0,,53.88,0.0,53.88
928,967,4,1.0,121,16.33,10.0,14.7
929,695,5,2.0,,131.73,0.0,263.46
930,146,1,2.0,14,16.94,15.0,28.8
931,912,4,3.0,179,16.33,15.0,41.64
932,721,1,3.0,135,16.94,15.0,43.2
933,839,3,1.0,,63.43,0.0,63.43
934,172,6,1.0,,68.1,0.0,68.1
935,877,1,1.0,,16.94,0.0,16.94
936,188,19,4.0,,10.57,0.0,42.28
937,760,1,2.0,,16.94,0.0,33.88
938,405,18,1.0,185,5.96,50.0,2.98
939,847,2,2.0,,26.86,0.0,53.72
940,967,1,1.0,121,16.94,10.0,15.25
941,877,1,1.0,,16.94,0.0,16.94
942,291,1,1.0,,16.94,0.0,16.94
943,168,4,1.0,30,16.33,10.0,14.7
944,973,1,2.0,,16.94,0.0,33.88
945,662,13,1.0,,28.88,0.0,28.88
946,229,1,2.0,,16.94,0.0,33.88
947,989,2,1.0,,26.86,0.0,26.86
948,505,1,3.0,,16.94,0.0,50.82
949,496,1,1.0,,16.94,0.0,16.94
950,793,22,1.0,,80.06,0.0,80.06
951,852,32,1.0,,16.28,0.0,16.28
952,52,4,2.0,,16.33,0.0,32.66
953,147,1,3.0,49,16.94,20.0,40.66
954,992,70,1.0,,20.75,0.0,20.75
955,290,1,1.0,,16.94,0.0,16.94
956,866,3,1.0,98,63.43,20.0,50.74
957,146,4,1.0,14,16.33,15.0,13.88
958,257,3,2.0,,63.43,0.0,126.86
959,738,1,3.0,,16.94,0.0,50.82
960,733,1,1.0,,16.94,0.0,16.94
961,824,1,1.0,,16.94,0.0,16.94
962,835,1,2.0,,16.94,0.0,33.88
963,472,1,1.0,,16.94,0.0,16.94
964,131,1,1.0,,16.94,0.0,16.94
965,906,1,1.0,,16.94,0.0,16.94
966,618,2,9.0,,26.86,0.0,241.74
967,637,6,1.0,72,68.1,20.0,54.48
968,875,11,1.0,,42.88,0.0,42.88
969,487,2,3.0,,26.86,0.0,80.58
970,340,1,1.0,74,16.94,10.0,15.25
971,88,1,1.0,,16.94,0.0,16.94
972,7,1,1.0,,16.94,0.0,16.94
973,509,1,1.0,47,16.94,25.0,12.71
974,797,1,1.0,,16.94,0.0,16.94
975,860,6,1.0,,68.1,0.0,68.1
976,393,1,2.0,,16.94,0.0,33.88
977,248,1,1.0,184,16.94,5.0,16.09
978,505,1,1.0,,16.94,0.0,16.94
979,792,9,2.0,,9.27,0.0,18.54
980,399,1,2.0,,16.94,0.0,33.88
981,395,1,2.0,92,16.94,20.0,27.1
982,786,6,3.0,,68.1,0.0,204.3
983,960,6,2.0,35,68.1,5.0,129.39
984,975,2,2.0,,26.86,0.0,53.72
985,916,1,2.0,,16.94,0.0,33.88
986,273,1,1.0,40,16.94,15.0,14.4
987,250,1,1.0,,16.94,0.0,16.94
988,387,16,1.0,96,10.28,10.0,9.25
989,709,1,1.0,70,16.94,20.0,13.55
990,726,1,3.0,183,16.94,10.0,45.74
991,470,1,4.0,156,16.94,20.0,54.21
992,298,40,2.0,,83.64,0.0,167.28
993,297,8,2.0,,10.19,0.0,20.38
994,129,1,1.0,,16.94,0.0,16.94
995,666,3,1.0,,63.43,0.0,63.43
996,862,1,1.0,,16.94,0.0,16.94
997,578,17,1.0,,45.19,0.0,45.19
998,363,15,1.0,,28.69,0.0,28.69
999,321,31,1.0,,36.9,0.0,36.9
1000,716,3,1.0,,63.43,0.0,63.43
1001,779,1,1.0,99,16.94,20.0,13.55
1002,101,93,5.0,38,11.46,15.0,48.71
1003,882,2,1.0,,26.86,0.0,26.86
1004,815,1,2.0,,16.94,0.0,33.88
1005,353,1,1.0,58,16.94,25.0,12.71
1006,705,2,1.0,,26.86,0.0,26.86
1007,329,3,1.0,,63.43,0.0,63.43
1008,633,2,3.0,109,26.86,20.0,64.46
1009,265,1,1.0,,16.94,0.0,16.94
1010,123,5,1.0,,131.73,0.0,131.73
1011,908,1,3.0,188,16.94,20.0,40.66
1012,167,1,2.0,120,16.94,10.0,30.49
1013,225,12,1.0,101,6.65,5.0,6.32
1014,66,1,4.0,,16.94,0.0,67.76
1015,350,36,1.0,133,26.42,20.0,21.14
1016,148,7,1.0,,53.88,0.0,53.88
1017,650,20,2.0,4,64.55,20.0,103.28
1018,934,3,1.0,,63.43,0.0,63.43
1019,221,4,2.0,1,16.33,10.0,29.39
1020,461,4,3.0,77,16.33,20.0,39.19
1021,580,2,1.0,,26.86,0.0,26.86
1022,621,15,1.0,,28.69,0.0,28.69
1023,443,5,2.0,,131.73,0.0,263.46
1024,401,75,1.0,,2.44,0.0,2.44
1025,762,1,2.0,11,16.94,25.0,25.41
1026,294,4,2.0,,16.33,0.0,32.66
1027,19,1,1.0,,16.94,0.0,16.94
1028,306,1,3.0,,16.94,0.0,50.82
1029,49,2,1.0,,26.86,0.0,26.86
1030,86,4,3.0,,16.33,0.0,48.99
1031,655,1,1.0,43,16.94,10.0,15.25
1032,452,4,2.0,,16.33,0.0,32.66
1033,935,11,1.0,,42.88,0.0,42.88
1034,291,1,1.0,,16.94,0.0,16.94
1035,327,1,1.0,123,16.94,10.0,15.25
1036,394,1,1.0,,16.94,0.0,16.94
1037,337,1,1.0,,16.94,0.0,16.94
1038,291,4,1.0,,16.33,0.0,16.33
1039,691,1,1.0,,16.94,0.0,16.94
1040,917,2,1.0,,26.86,0.0,26.86
1041,564,1,1.0,,16.94,0.0,16.94
1042,323,2,2.0,,26.86,0.0,53.72
1043,157,17,1.0,,45.19,0.0,45.19
1044,456,1,2.0,,16.94,0.0,33.88
1045,1,9,1.0,18,9.27,5.0,8.81
1046,228,4,1.0,179,16.33,15.0,13.88
1047,949,1,2.0,,16.94,0.0,33.88
1048,520,1,1.0,,16.94,0.0,16.94
1049,823,2,1.0,145,26.86,20.0,21.49
1050,193,54,1.0,,13.87,0.0,13.87
1051,71,1,1.0,,16.94,0.0,16.94
1052,685,1,1.0,,16.94,0.0,16.94
1053,576,2,3.0,,26.86,0.0,80.58
1054,399,32,1.0,,16.28,0.0,16.28
1055,730,3,2.0,40,63.43,15.0,107.83
1056,57,3,2.0,,63.43,0.0,126.86
1057,694,2,1.0,,26.86,0.0,26.86
1058,925,2,2.0,,26.86,0.0,53.72
1059,366,11,1.0,162,42.88,10.0,38.59
1060,290,2,1.0,,26.86,0.0,26.86
1061,539,1,2.0,,16.94,0.0,33.88
1062,212,10,4.0,175,12.18,10.0,43.85
1063,234,8,3.0,,10.19,0.0,30.57
1064,452,39,1.0,,59.2,0.0,59.2
1065,983,27,1.0,118,18.39,10.0,16.55
1066,556,1,2.0,,16.94,0.0,33.88
1067,30,1,1.0,92,16.94,20.0,13.55
1068,432,1,2.0,162,16.94,10.0,30.49
1069,987,8,6.0,,10.19,0.0,61.14
1070,265,3,1.0,,63.43,0.0,63.43
1071,306,6,1.0,,68.1,0.0,68.1
1072,354,1,1.0,193,16.94,10.0,15.25
1073,376,7,1.0,,53.88,0.0,53.88
1074,881,7,1.0,,53.88,0.0,53.88
1075,413,1,1.0,,16.94,0.0,16.94
1076,534,2,2.0,,26.86,0.0,53.72
1077,457,2,1.0,155,26.86,20.0,21.49
1078,426,12,4.0,55,6.65,50.0,13.3
1079,639,1,1.0,,16.94,0.0,16.94
1080,536,3,1.0,,63.43,0.0,63.43
1081,601,3,2.0,173,63.43,20.0,101.49
1082,475,4,1.0,,16.33,0.0,16.33
1083,883,2,1.0,,26.86,0.0,26.86
1084,261,42,2.0,,15.19,0.0,30.38
1085,203,1,1.0,116,16.94,10.0,15.25
1086,581,2,1.0,,26.86,0.0,26.86
1087,405,4,2.0,185,16.33,50.0,16.33
1088,764,2,2.0,,26.86,0.0,53.72
1089,751,2,3.0,,26.86,0.0,80.58
1090,273,18,4.0,40,5.96,15.0,20.26
1091,218,1,1.0,,16.94,0.0,16.94
1092,225,3,3.0,101,63.43,5.0,180.78
1093,948,1,1.0,,16.94,0.0,16.94
1094,919,1,1.0,,16.94,0.0,16.94
1095,960,7,1.0,35,53.88,5.0,51.19
1096,451,5,1.0,78,131.73,15.0,111.97
1097,834,14,1.0,,38.72,0.0,38.72
1098,342,1,1.0,,16.94,0.0,16.94
1099,307,2,3.0,,26.86,0.0,80.58
1100,910,1,2.0,185,16.94,50.0,16.94
1101,770,21,1.0,,67.47,0.0,67.47
1102,496,23,1.0,,4.45,0.0,4.45
1103,216,3,1.0,,63.43,0.0,63.43
1104,901,1,3.0,,16.94,0.0,50.82
1105,581,3,2.0,,63.43,0.0,126.86
1106,848,1,5.0,,16.94,0.0,84.7
1107,798,1,1.0,,16.94,0.0,16.94
1108,292,2,2.0,76,26.86,5.0,51.03
1109,296,1,1.0,,16.94,0.0,16.94
1110,895,1,3.0,,16.94,0.0,50.82
1111,377,38,2.0,,4.3,0.0,8.6
1112,746,1,3.0,,16.94,0.0,50.82
1113,479,2,1.0,,26.86,0.0,26.86
1114,208,1,2.0,,16.94,0.0,33.88
1115,115,1,2.0,,16.94,0.0,33.88
1116,354,2,1.0,193,26.86,10.0,24.17
1117,314,1,1.0,,16.94,0.0,16.94
1118,757,4,2.0,,16.33,0.0,32.66
1119,81,4,1.0,153,16.33,20.0,13.06
1120,480,1,1.0,,16.94,0.0,16.94
1121,104,9,1.0,79,9.27,50.0,4.64
1122,846,23,1.0,,4.45,0.0,4.45
1123,343,1,1.0,,16.94,0.0,16.94
1124,832,4,1.0,,16.33,0.0,16.33
1125,62,4,1.0,110,16.33,10.0,14.7
1126,317,1,2.0,,16.94,0.0,33.88
1127,339,3,2.0,,63.43,0.0,126.86
1128,324,1,2.0,,16.94,0.0,33.88
1129,138,6,1.0,78,68.1,15.0,57.88
1130,14,1,4.0,170,16.94,10.0,60.98
1131,553,2,1.0,81,26.86,50.0,13.43
1132,332,2,1.0,76,26.86,5.0,25.52
1133,574,5,1.0,,131.73,0.0,131.73
1134,705,16,1.0,,10.28,0.0,10.28
1135,958,2,2.0,162,26.86,10.0,48.35
1136,215,1,3.0,,16.94,0.0,50.82
1137,448,1,1.0,,16.94,0.0,16.94
1138,223,16,1.0,,10.28,0.0,10.28
1139,151,1,4.0,,16.94,0.0,67.76
1140,657,1,1.0,,16.94,0.0,16.94
1141,931,17,1.0,,45.19,0.0,45.19
1142,160,5,2.0,81,131.73,50.0,131.73
1143,316,1,1.0,62,16.94,20.0,13.55
1144,900,1,1.0,136,16.94,10.0,15.25
1145,342,1,2.0,,16.94,0.0,33.88
1146,920,4,2.0,,16.33,0.0,32.66
1147,954,1,1.0,72,16.94,20.0,13.55
1148,480,1,1.0,,16.94,0.0,16.94
1149,713,1,1.0,,16.94,0.0,16.94
1150,923,18,1.0,,5.96,0.0,5.96
1151,816,16,3.0,,10.28,0.0,30.84
1152,767,1,1.0,,16.94,0.0,16.94
1153,572,3,1.0,120,63.43,10.0,57.09
1154,617,1,3.0,183,16.94,10.0,45.74
1155,491,11,1.0,,42.88,0.0,42.88
1156,990,1,4.0,,16.94,0.0,67.76
1157,604,1,3.0,92,16.94,20.0,40.66
1158,366,36,1.0,162,26.42,10.0,23.78
1159,277,1,2.0,,16.94,0.0,33.88
1160,441,10,1.0,,12.18,0.0,12.18
1161,444,1,1.0,,16.94,0.0,16.94
1162,621,11,1.0,,42.88,0.0,42.88
1163,173,1,1.0,44,16.94,10.0,15.25
1164,340,1,2.0,74,16.94,10.0,30.49
1165,777,2,1.0,,26.86,0.0,26.86
1166,172,2,1.0,,26.86,0.0,26.86
1167,968,1,1.0,,16.94,0.0,16.94
1168,439,5,3.0,,131.73,0.0,395.19
1169,119,5,1.0,,131.73,0.0,131.73
1170,489,3,1.0,,63.43,0.0,63.43
1171,181,2,3.0,,26.86,0.0,80.58
1172,335,14,3.0,,38.72,0.0,116.16
1173,514,58,2.0,,36.09,0.0,72.18
1174,235,2,2.0,,26.86,0.0,53.72
1175,800,4,2.0,191,16.33,25.0,24.49
1176,778,1,1.0,,16.94,0.0,16.94
1177,322,29,1.0,171,32.39,20.0,25.91
1178,674,6,2.0,,68.1,0.0,136.2
1179,670,1,1.0,191,16.94,25.0,12.71
1180,751,1,1.0,,16.94,0.0,16.94
1181,520,18,1.0,,5.96,0.0,5.96
1182,340,57,2.0,74,25.0,10.0,45.0
1183,411,2,2.0,,26.86,0.0,53.72
1184,789,41,1.0,,21.92,0.0,21.92
1185,951,5,1.0,22,131.73,15.0,111.97
1186,217,1,4.0,,16.94,0.0,67.76
1187,798,3,1.0,,63.43,0.0,63.43
1188,133,32,8.0,145,16.28,20.0,104.19
1189,991,1,1.0,,16.94,0.0,16.94
1190,716,7,1.0,,53.88,0.0,53.88
1191,503,1,1.0,58,16.94,25.0,12.71
1192,51,1,1.0,,16.94,0.0,16.94
1193,803,91,1.0,,81.37,0.0,81.37
1194,741,6,1.0,,68.1,0.0,68.1
1195,283,4,1.0,,16.33,0.0,16.33
1196,892,1,1.0,,16.94,0.0,16.94
1197,833,6,1.0,,68.1,0.0,68.1
1198,241,3,1.0,98,63.43,20.0,50.74
1199,483,2,2.0,33,26.86,15.0,45.66
1200,922,1,2.0,184,16.94,5.0,32.19
1201,501,1,1.0,,16.94,0.0,16.94
1202,621,1,2.0,,16.94,0.0,33.88
1203,513,3,1.0,,63.43,0.0,63.43
1204,78,2,5.0,,26.86,0.0,134.3
1205,865,3,2.0,,63.43,0.0,126.86
1206,970,80,1.0,,62.88,0.0,62.88
1207,626,2,2.0,,26.86,0.0,53.72
1208,831,36,1.0,,26.42,0.0,26.42
1209,451,11,4.0,78,42.88,15.0,145.79
1210,53,1,3.0,,16.94,0.0,50.82
1211,416,1,1.0,191,16.94,25.0,12.71
1212,697,3,2.0,,63.43,0.0,126.86
1213,340,1,1.0,74,16.94,10.0,15.25
1214,561,97,1.0,,3.12,0.0,3.12
1215,105,11,2.0,,42.88,0.0,85.76
1216,332,81,2.0,76,69.62,5.0,132.28
1217,981,1,1.0,,16.94,0.0,16.94
1218,692,1,1.0,,16.94,0.0,16.94
1219,126,1,2.0,,16.94,0.0,33.88
1220,177,3,1.0,,63.43,0.0,63.43
1221,620,4,2.0,,16.33,0.0,32.66
1222,99,1,1.0,37,16.94,25.0,12.71
1223,710,3,1.0,,63.43,0.0,63.43
1224,777,4,1.0,,16.33,0.0,16.33
1225,845,1,1.0,,16.94,0.0,16.94
1226,979,1,3.0,,16.94,0.0,50.82
1227,330,7,5.0,,53.88,0.0,269.4
1228,821,1,2.0,,16.94,0.0,33.88
1229,810,1,1.0,21,16.94,20.0,13.55
1230,37,3,1.0,,63.43,0.0,63.43
1231,819,1,1.0,,16.94,0.0,16.94
1232,707,3,1.0,141,63.43,10.0,57.09
1233,898,2,1.0,,26.86,0.0,26.86
1234,570,1,1.0,,16.94,0.0,16.94
1235,102,2,2.0,,26.86,0.0,53.72
1236,331,33,1.0,,42.57,0.0,42.57
1237,118,1,3.0,,16.94,0.0,50.82
1238,564,10,2.0,,12.18,0.0,24.36
1239,672,1,2.0,29,16.94,20.0,27.1
1240,59,2,3.0,,26.86,0.0,80.58
1241,294,3,2.0,,63.43,0.0,126.86
1242,491,10,2.0,,12.18,0.0,24.36
1243,892,3,1.0,,63.43,0.0,63.43
1244,650,2,4.0,4,26.86,20.0,85.95
1245,596,2,2.0,,26.86,0.0,53.72
1246,477,2,3.0,,26.86,0.0,80.58
1247,684,30,1.0,,30.11,0.0,30.11
1248,956,4,2.0,126,16.33,10.0,29.39
1249,449,6,1.0,,68.1,0.0,68.1
1250,674,2,1.0,,26.86,0.0,26.86
1251,364,1,1.0,,16.94,0.0,16.94
1252,400,4,2.0,50,16.33,15.0,27.76
1253,151,1,1.0,,16.94,0.0,16.94
1254,946,1,1.0,,16.94,0.0,16.94
1255,389,3,1.0,30,63.43,10.0,57.09
1256,612,1,2.0,,16.94,0.0,33.88
1257,355,5,1.0,,131.73,0.0,131.73
1258,716,15,2.0,,28.69,0.0,57.38
1259,751,24,1.0,,6.84,0.0,6.84
1260,623,1,1.0,,16.94,0.0,16.94
1261,10,9,1.0,,9.27,0.0,9.27
1262,121,1,3.0,,16.94,0.0,50.82
1263,912,1,1.0,179,16.94,15.0,14.4
1264,394,60,1.0,,11.6,0.0,11.6
1265,222,2,1.0,135,26.86,15.0,22.83
1266,535,1,1.0,,16.94,0.0,16.94
1267,786,5,1.0,,131.73,0.0,131.73
1268,932,1,2.0,,16.94,0.0,33.88
1269,323,2,1.0,,26.86,0.0,26.86
1270,1,2,1.0,18,26.86,5.0,25.52
1271,447,36,1.0,,26.42,0.0,26.42
1272,683,21,2.0,,67.47,0.0,134.94
1273,594,2,5.0,52,26.86,20.0,107.44
1274,856,1,2.0,,16.94,0.0,33.88
1275,145,5,1.0,171,131.73,20.0,105.38
1276,207,21,2.0,,67.47,0.0,134.94
1277,653,67,1.0,,70.68,0.0,70.68
1278,489,6,4.0,,68.1,0.0,272.4
1279,900,1,1.0,136,16.94,10.0,15.25
1280,319,1,4.0,134,16.94,15.0,57.6
1281,267,1,1.0,,16.94,0.0,16.94
1282,805,13,1.0,34,28.88,20.0,23.1
1283,391,2,5.0,,26.86,0.0,134.3
1284,150,1,4.0,139,16.94,10.0,60.98
1285,788,30,2.0,,30.11,0.0,60.22
1286,747,5,1.0,,131.73,0.0,131.73
1287,664,1,1.0,,16.94,0.0,16.94
1288,799,1,1.0,,16.94,0.0,16.94
1289,670,3,1.0,191,63.43,25.0,47.57
1290,383,1,1.0,,16.94,0.0,16.94
1291,579,17,1.0,,45.19,0.0,45.19
1292,305,1,1.0,,16.94,0.0,16.94
1293,753,12,1.0,34,6.65,20.0,5.32
1294,906,1,1.0,,16.94,0.0,16.94
1295,811,1,1.0,,16.94,0.0,16.94
1296,380,1,1.0,136,16.94,10.0,15.25
1297,411,1,1.0,,16.94,0.0,16.94
1298,704,1,2.0,,16.94,0.0,33.88
1299,177,8,3.0,,10.19,0.0,30.57
1300,107,1,1.0,,16.94,0.0,16.94
1301,4,1,1.0,19,16.94,15.0,14.4
1302,57,1,1.0,,16.94,0.0,16.94
1303,335,21,2.0,,67.47,0.0,134.94
1304,323,3,2.0,,63.43,0.0,126.86
1305,868,15,3.0,160,28.69,20.0,68.86
1306,525,7,2.0,,53.88,0.0,107.76
1307,311,76,1.0,,15.33,0.0,15.33
1308,420,3,2.0,,63.43,0.0,126.86
1309,786,40,1.0,,83.64,0.0,83.64
1310,877,9,2.0,,9.27,0.0,18.54
1311,1,29,4.0,18,32.39,5.0,123.08
1312,262,5,1.0,162,131.73,10.0,118.56
1313,265,4,1.0,,16.33,0.0,16.33
1314,847,1,1.0,,16.94,0.0,16.94
1315,691,10,1.0,,12.18,0.0,12.18
1316,500,4,1.0,,16.33,0.0,16.33
1317,521,1,2.0,,16.94,0.0,33.88
1318,237,1,2.0,109,16.94,20.0,27.1
1319,68,14,3.0,,38.72,0.0,116.16
1320,936,5,1.0,75,131.73,10.0,118.56
1321,461,2,2.0,77,26.86,20.0,42.98
1322,282,41,1.0,,21.92,0.0,21.92
1323,197,10,1.0,,12.18,0.0,12.18
1324,872,3,1.0,,63.43,0.0,63.43
1325,62,1,2.0,110,16.94,10.0,30.49
1326,392,36,1.0,164,26.42,25.0,19.82
1327,248,59,1.0,184,42.25,5.0,40.14
1328,955,2,1.0,,26.86,0.0,26.86
1329,622,1,1.0,81,16.94,50.0,8.47
1330,326,5,1.0,149,131.73,20.0,105.38
1331,844,42,2.0,181,15.19,10.0,27.34
1332,831,1,1.0,,16.94,0.0,16.94
1333,224,4,2.0,46,16.33,15.0,27.76
1334,985,5,1.0,,131.73,0.0,131.73
1335,798,1,3.0,,16.94,0.0,50.82
1336,387,12,1.0,96,6.65,10.0,5.98
1337,22,2,3.0,,26.86,0.0,80.58
1338,371,3,1.0,,63.43,0.0,63.43
1339,144,20,1.0,,64.55,0.0,64.55
1340,209,2,2.0,,26.86,0.0,53.72
1341,405,1,2.0,185,16.94,50.0,16.94
1342,841,1,1.0,,16.94,0.0,16.94
1343,773,1,2.0,192,16.94,25.0,25.41
1344,241,5,1.0,98,131.73,20.0,105.38
1345,628,2,1.0,,26.86,0.0,26.86
1346,133,1,3.0,145,16.94,20.0,40.66
1347,402,20,1.0,,64.55,0.0,64.55
1348,659,2,2.0,190,26.86,50.0,26.86
1349,350,3,2.0,133,63.43,20.0,101.49
1350,602,1,1.0,,16.94,0.0,16.94
1351,107,1,1.0,,16.94,0.0,16.94
1352,481,1,1.0,57,16.94,10.0,15.25
1353,158,3,1.0,110,63.43,10.0,57.09
1354,901,1,1.0,,16.94,0.0,16.94
1355,375,2,1.0,,26.86,0.0,26.86
1356,174,49,1.0,,22.26,0.0,22.26
1357,165,1,1.0,5,16.94,10.0,15.25
1358,577,1,2.0,,16.94,0.0,33.88
1359,433,1,1.0,,16.94,0.0,16.94
1360,6,1,1.0,,16.94,0.0,16.94
1361,251,17,1.0,43,45.19,10.0,40.67
1362,702,74,3.0,147,23.37,10.0,63.1
1363,889,2,1.0,,26.86,0.0,26.86
1364,649,2,2.0,,26.86,0.0,53.72
1365,633,1,2.0,109,16.94,20.0,27.1
1366,968,1,1.0,,16.94,0.0,16.94
1367,643,1,2.0,,16.94,0.0,33.88
1368,360,2,1.0,,26.86,0.0,26.86
1369,388,2,1.0,,26.86,0.0,26.86
1370,700,3,1.0,183,63.43,10.0,57.09
1371,74,1,1.0,200,16.94,10.0,15.25
1372,675,5,1.0,7,131.73,10.0,118.56
1373,504,15,2.0,,28.69,0.0,57.38
1374,847,3,2.0,,63.43,0.0,126.86
1375,409,1,1.0,,16.94,0.0,16.94
1376,774,1,1.0,,16.94,0.0,16.94
1377,355,4,1.0,,16.33,0.0,16.33
1378,494,1,4.0,56,16.94,15.0,57.6
1379,463,40,3.0,,83.64,0.0,250.92
1380,706,1,3.0,,16.94,0.0,50.82
1381,137,1,1.0,,16.94,0.0,16.94
1382,88,1,1.0,,16.94,0.0,16.94
1383,861,1,1.0,50,16.94,15.0,14.4
1384,942,1,2.0,48,16.94,10.0,30.49
1385,446,1,2.0,,16.94,0.0,33.88
1386,31,1,1.0,41,16.94,15.0,14.4
1387,803,2,1.0,,26.86,0.0,26.86
1388,511,6,2.0,180,68.1,20.0,108.96
1389,213,79,2.0,,53.68,0.0,107.36
1390,593,1,3.0,,16.94,0.0,50.82
1391,86,6,1.0,,68.1,0.0,68.1
1392,370,2,1.0,178,26.86,20.0,21.49
1393,947,3,4.0,,63.43,0.0,253.72
1394,79,1,1.0,141,16.94,10.0,15.25
1395,994,3,1.0,,63.43,0.0,63.43
1396,439,12,1.0,,6.65,0.0,6.65
1397,149,1,2.0,,16.94,0.0,33.88
1398,324,1,1.0,,16.94,0.0,16.94
1399,857,1,1.0,,16.94,0.0,16.94
1400,912,2,3.0,179,26.86,15.0,68.49
1401,754,2,1.0,,26.86,0.0,26.86
1402,556,10,1.0,,12.18,0.0,12.18
1403,953,3,2.0,,63.43,0.0,126.86
1404,959,1,1.0,,16.94,0.0,16.94
1405,564,1,1.0,,16.94,0.0,16.94
1406,957,1,1.0,,16.94,0.0,16.94
1407,208,2,1.0,,26.86,0.0,26.86
1408,693,4,1.0,,16.33,0.0,16.33
1409,437,1,4.0,,16.94,0.0,67.76
1410,418,2,2.0,44,26.86,10.0,48.35
1411,91,11,1.0,,42.88,0.0,42.88
1412,468,23,2.0,,4.45,0.0,8.9
1413,307,1,2.0,,16.94,0.0,33.88
1414,55,5,2.0,123,131.73,10.0,237.11
1415,665,1,1.0,,16.94,0.0,16.94
1416,434,1,2.0,100,16.94,5.0,32.19
1417,566,1,1.0,,16.94,0.0,16.94
1418,483,26,1.0,33,50.64,15.0,43.04
1419,205,14,3.0,10,38.72,15.0,98.74
1420,33,1,2.0,175,16.94,10.0,30.49
1421,173,1,3.0,44,16.94,10.0,45.74
1422,88,1,1.0,,16.94,0.0,16.94
1423,880,1,1.0,32,16.94,15.0,14.4
1424,785,3,5.0,17,63.43,50.0,158.57
1425,270,1,4.0,,16.94,0.0,67.76
1426,192,8,2.0,164,10.19,25.0,15.28
1427,503,73,2.0,58,24.95,25.0,37.42
1428,229,4,2.0,,16.33,0.0,32.66
1429,188,1,1.0,,16.94,0.0,16.94
1430,571,1,1.0,7,16.94,10.0,15.25
1431,92,2,1.0,,26.86,0.0,26.86
1432,636,3,1.0,,63.43,0.0,63.43
1433,927,4,1.0,,16.33,0.0,16.33
1434,465,17,1.0,,45.19,0.0,45.19
1435,386,1,2.0,,16.94,0.0,33.88
1436,369,44,2.0,,6.31,0.0,12.62
1437,879,8,1.0,106,10.19,20.0,8.15
1438,132,8,3.0,,10.19,0.0,30.57
1439,943,2,1.0,,26.86,0.0,26.86
1440,510,2,1.0,179,26.86,15.0,22.83
1441,107,1,2.0,,16.94,0.0,33.88
1442,705,2,1.0,,26.86,0.0,26.86
1443,939,5,3.0,69,131.73,15.0,335.91
1444,111,1,1.0,,16.94,0.0,16.94
1445,914,1,1.0,196,16.94,50.0,8.47
1446,554,1,2.0,,16.94,0.0,33.88
1447,401,46,2.0,,11.78,0.0,23.56
1448,843,5,1.0,,131.73,0.0,131.73
1449,966,1,1.0,,16.94,0.0,16.94
1450,369,4,3.0,,16.33,0.0,48.99
1451,15,1,1.0,,16.94,0.0,16.94
1452,574,3,1.0,,63.43,0.0,63.43
1453,868,10,2.0,160,12.18,20.0,19.49
1454,907,1,1.0,,16.94,0.0,16.94
1455,756,2,2.0,,26.86,0.0,53.72
1456,811,2,2.0,,26.86,0.0,53.72
1457,321,31,1.0,,36.9,0.0,36.9
1458,7,1,1.0,,16.94,0.0,16.94
1459,751,1,1.0,,16.94,0.0,16.94
1460,479,13,1.0,,28.88,0.0,28.88
1461,819,1,1.0,,16.94,0.0,16.94
1462,420,6,2.0,,68.1,0.0,136.2
1463,135,1,1.0,180,16.94,20.0,13.55
1464,743,44,1.0,,6.31,0.0,6.31
1465,154,1,1.0,,16.94,0.0,16.94
1466,163,1,2.0,,16.94,0.0,33.88
1467,325,7,1.0,,53.88,0.0,53.88
1468,803,6,1.0,,68.1,0.0,68.1
1469,97,3,3.0,111,63.43,20.0,152.23
1470,782,9,1.0,27,9.27,20.0,7.42
1471,250,11,2.0,,42.88,0.0,85.76
1472,313,1,2.0,66,16.94,15.0,28.8
1473,371,2,2.0,,26.86,0.0,53.72
1474,975,1,4.0,,16.94,0.0,67.76
1475,78,1,3.0,,16.94,0.0,50.82
1476,630,1,3.0,10,16.94,15.0,43.2
1477,321,2,1.0,,26.86,0.0,26.86
1478,418,8,2.0,44,10.19,10.0,18.34
1479,39,2,1.0,111,26.86,20.0,21.49
1480,987,3,1.0,,63.43,0.0,63.43
1481,250,23,1.0,,4.45,0.0,4.45
1482,180,3,3.0,34,63.43,20.0,152.23
1483,507,1,3.0,20,16.94,20.0,40.66
1484,356,1,1.0,,16.94,0.0,16.94
1485,479,1,2.0,,16.94,0.0,33.88
1486,996,3,2.0,46,63.43,15.0,107.83
1487,621,4,1.0,,16.33,0.0,16.33
1488,786,3,3.0,,63.43,0.0,190.29
1489,341,1,3.0,118,16.94,10.0,45.74
1490,638,1,2.0,62,16.94,20.0,27.1
1491,493,3,2.0,,63.43,0.0,126.86
1492,65,1,1.0,,16.94,0.0,16.94
1493,881,2,2.0,,26.86,0.0,53.72
1494,283,3,4.0,,63.43,0.0,253.72
1495,31,10,3.0,41,12.18,15.0,31.06
1496,770,1,1.0,,16.94,0.0,16.94
1497,55,3,5.0,123,63.43,10.0,285.44
1498,603,6,1.0,,68.1,0.0,68.1
1499,9,1,2.0,,16.94,0.0,33.88
1500,128,1,1.0,,16.94,0.0,16.94
1501,555,11,2.0,,42.88,0.0,85.76
1502,501,5,1.0,,131.73,0.0,131.73
1503,756,3,1.0,,63.43,0.0,63.43
1504,963,1,1.0,,16.94,0.0,16.94
1505,532,3,1.0,,63.43,0.0,63.43
1506,103,19,3.0,,10.57,0.0,31.71
1507,520,4,3.0,,16.33,0.0,48.99
1508,589,30,1.0,,30.11,0.0,30.11
1509,578,1,1.0,,16.94,0.0,16.94
1510,359,1,1.0,131,16.94,20.0,13.55
1511,991,2,3.0,,26.86,0.0,80.58
1512,799,18,1.0,,5.96,0.0,5.96
1513,409,1,1.0,,16.94,0.0,16.94
1514,390,1,1.0,,16.94,0.0,16.94
1515,71,1,2.0,,16.94,0.0,33.88
1516,198,16,1.0,,10.28,0.0,10.28
1517,249,4,2.0,,16.33,0.0,32.66
1518,697,9,1.0,,9.27,0.0,9.27
1519,643,5,3.0,,131.73,0.0,395.19
1520,156,8,1.0,,10.19,0.0,10.19
1521,364,3,1.0,,63.43,0.0,63.43
1522,739,10,2.0,,12.18,0.0,24.36
1523,730,2,1.0,40,26.86,15.0,22.83
1524,771,1,2.0,,16.94,0.0,33.88
1525,781,1,1.0,148,16.94,10.0,15.25
1526,818,1,1.0,129,16.94,15.0,14.4
1527,429,1,2.0,,16.94,0.0,33.88
1528,684,1,1.0,,16.94,0.0,16.94
1529,711,1,8.0,,16.94,0.0,135.52
1530,412,1,3.0,144,16.94,10.0,45.74
1531,799,3,1.0,,63.43,0.0,63.43
1532,517,1,1.0,,16.94,0.0,16.94
1533,928,1,2.0,109,16.94,20.0,27.1
1534,297,1,1.0,,16.94,0.0,16.94
1535,916,2,1.0,,26.86,0.0,26.86
1536,592,44,2.0,64,6.31,20.0,10.1
1537,720,3,1.0,62,63.43,20.0,50.74
1538,203,1,1.0,116,16.94,10.0,15.25
1539,340,4,2.0,74,16.33,10.0,29.39
1540,637,1,1.0,72,16.94,20.0,13.55
1541,248,2,1.0,184,26.86,5.0,25.52
1542,648,9,1.0,,9.27,0.0,9.27
1543,351,8,1.0,,10.19,0.0,10.19
1544,623,1,1.0,,16.94,0.0,16.94
1545,19,4,1.0,,16.33,0.0,16.33
1546,310,2,2.0,,26.86,0.0,53.72
1547,902,3,1.0,184,63.43,5.0,60.26
1548,959,13,6.0,,28.88,0.0,173.28
1549,805,13,2.0,34,28.88,20.0,46.21
1550,682,3,1.0,,63.43,0.0,63.43
1551,57,6,1.0,,68.1,0.0,68.1
1552,628,3,1.0,,63.43,0.0,63.43
1553,208,25,1.0,,21.92,0.0,21.92
1554,115,1,4.0,,16.94,0.0,67.76
1555,418,3,1.0,44,63.43,10.0,57.09
1556,112,1,2.0,,16.94,0.0,33.88
1557,473,8,1.0,,10.19,0.0,10.19
1558,978,1,3.0,157,16.94,20.0,40.66
1559,316,1,1.0,62,16.94,20.0,13.55
1560,23,1,1.0,,16.94,0.0,16.94
1561,378,1,1.0,,16.94,0.0,16.94
1562,369,1,2.0,,16.94,0.0,33.88
1563,916,1,1.0,,16.94,0.0,16.94
1564,850,4,2.0,,16.33,0.0,32.66
1565,278,2,1.0,,26.86,0.0,26.86
1566,837,1,1.0,,16.94,0.0,16.94
1567,355,7,1.0,,53.88,0.0,53.88
1568,864,5,2.0,,131.73,0.0,263.46
1569,473,1,2.0,,16.94,0.0,33.88
1570,319,2,3.0,134,26.86,15.0,68.49
1571,880,1,1.0,32,16.94,15.0,14.4
1572,270,2,1.0,,26.86,0.0,26.86
1573,559,4,1.0,,16.33,0.0,16.33
1574,954,23,2.0,72,4.45,20.0,7.12
1575,238,1,1.0,,16.94,0.0,16.94
1576,531,55,1.0,102,11.28,15.0,9.59
1577,530,14,4.0,154,38.72,15.0,131.65
1578,43,34,3.0,125,22.14,15.0,56.46
1579,358,1,1.0,,16.94,0.0,16.94
1580,396,12,1.0,184,6.65,5.0,6.32
1581,307,2,1.0,,26.86,0.0,26.86
1582,292,3,1.0,76,63.43,5.0,60.26
1583,4,11,1.0,19,42.88,15.0,36.45
1584,993,1,1.0,,16.94,0.0,16.94
1585,69,2,2.0,,26.86,0.0,53.72
1586,119,1,1.0,,16.94,0.0,16.94
1587,805,1,1.0,34,16.94,20.0,13.55
1588,103,1,2.0,,16.94,0.0,33.88
1589,911,1,2.0,,16.94,0.0,33.88
1590,702,1,2.0,147,16.94,10.0,30.49
1591,537,12,4.0,,6.65,0.0,26.6
1592,229,1,1.0,,16.94,0.0,16.94
1593,849,5,1.0,,131.73,0.0,131.73
1594,32,13,2.0,,28.88,0.0,57.76
1595,810,1,1.0,21,16.94,20.0,13.55
1596,603,45,1.0,,28.14,0.0,28.14
1597,757,1,1.0,,16.94,0.0,16.94
1598,47,2,1.0,,26.86,0.0,26.86
1599,994,2,1.0,,26.86,0.0,26.86
1600,495,1,1.0,,16.94,0.0,16.94
1601,786,1,1.0,,16.94,0.0,16.94
1602,399,1,3.0,,16.94,0.0,50.82
1603,46,5,1.0,,131.73,0.0,131.73
1604,733,17,2.0,,45.19,0.0,90.38
1605,645,60,3.0,151,11.6,10.0,31.32
1606,75,1,4.0,,16.94,0.0,67.76
1607,591,1,1.0,46,16.94,15.0,14.4
1608,266,1,1.0,10,16.94,15.0,14.4
1609,46,29,1.0,,32.39,0.0,32.39
1610,531,1,2.0,102,16.94,15.0,28.8
1611,411,1,1.0,,16.94,0.0,16.94
1612,893,1,1.0,72,16.94,20.0,13.55
1613,842,1,1.0,26,16.94,15.0,14.4
1614,436,21,1.0,,67.47,0.0,67.47
1615,762,2,1.0,11,26.86,25.0,20.14
1616,484,1,1.0,,16.94,0.0,16.94
1617,358,3,1.0,,63.43,0.0,63.43
1618,968,4,1.0,,16.33,0.0,16.33
1619,445,1,1.0,,16.94,0.0,16.94
1620,193,2,1.0,,26.86,0.0,26.86
1621,150,4,3.0,139,16.33,10.0,44.09
1622,414,7,2.0,,53.88,0.0,107.76
1623,936,8,1.0,75,10.19,10.0,9.17
1624,755,2,3.0,135,26.86,15.0,68.49
1625,721,1,2.0,135,16.94,15.0,28.8
1626,738,3,2.0,,63.43,0.0,126.86
1627,557,1,1.0,,16.94,0.0,16.94
1628,692,90,3.0,,8.73,0.0,26.19
1629,368,1,1.0,,16.94,0.0,16.94
1630,486,8,1.0,,10.19,0.0,10.19
1631,33,2,4.0,175,26.86,10.0,96.7
1632,152,1,1.0,,16.94,0.0,16.94
1633,751,10,7.0,,12.18,0.0,85.26
1634,840,4,3.0,,16.33,0.0,48.99
1635,721,6,1.0,135,68.1,15.0,57.88
1636,890,1,2.0,,16.94,0.0,33.88
1637,917,3,2.0,,63.43,0.0,126.86
1638,770,11,4.0,,42.88,0.0,171.52
1639,673,1,1.0,,16.94,0.0,16.94
1640,974,1,1.0,,16.94,0.0,16.94
1641,724,1,3.0,10,16.94,15.0,43.2
1642,805,27,1.0,34,18.39,20.0,14.71
1643,270,4,2.0,,16.33,0.0,32.66
1644,387,1,3.0,96,16.94,10.0,45.74
1645,38,4,1.0,,16.33,0.0,16.33
1646,362,85,3.0,193,6.85,10.0,18.49
1647,136,3,1.0,,63.43,0.0,63.43
1648,600,1,4.0,,16.94,0.0,67.76
1649,733,6,4.0,,68.1,0.0,272.4
1650,754,6,1.0,,68.1,0.0,68.1
1651,674,25,1.0,,21.92,0.0,21.92
1652,198,1,1.0,,16.94,0.0,16.94
1653,407,2,3.0,130,26.86,10.0,72.52
1654,106,13,1.0,,28.88,0.0,28.88
1655,812,2,2.0,,26.86,0.0,53.72
1656,907,16,2.0,,10.28,0.0,20.56
1657,862,5,2.0,,131.73,0.0,263.46
1658,351,1,1.0,,16.94,0.0,16.94
1659,618,4,1.0,,16.33,0.0,16.33
1660,811,4,3.0,,16.33,0.0,48.99
1661,611,1,2.0,,16.94,0.0,33.88
1662,27,1,3.0,77,16.94,20.0,40.66
1663,235,4,3.0,,16.33,0.0,48.99
1664,510,2,1.0,179,26.86,15.0,22.83
1665,862,5,1.0,,131.73,0.0,131.73
1666,836,3,3.0,51,63.43,50.0,95.14
1667,703,1,3.0,,16.94,0.0,50.82
1668,412,20,1.0,144,64.55,10.0,58.1
1669,921,7,1.0,165,53.88,50.0,26.94
1670,588,14,1.0,177,38.72,25.0,29.04
1671,441,3,2.0,,63.43,0.0,126.86
1672,659,2,2.0,190,26.86,50.0,26.86
1673,918,1,1.0,,16.94,0.0,16.94
1674,104,1,1.0,79,16.94,50.0,8.47
1675,332,3,3.0,76,63.43,5.0,180.78
1676,26,19,2.0,,10.57,0.0,21.14
1677,115,22,1.0,,80.06,0.0,80.06
1678,52,4,2.0,,16.33,0.0,32.66
1679,740,1,1.0,,16.94,0.0,16.94
1680,509,4,1.0,47,16.33,25.0,12.25
1681,235,2,1.0,,26.86,0.0,26.86
1682,65,22,2.0,,80.06,0.0,160.12
1683,786,1,2.0,,16.94,0.0,33.88
1684,239,3,1.0,,63.43,0.0,63.43
1685,793,1,3.0,,16.94,0.0,50.82
1686,279,98,2.0,,6.07,0.0,12.14
1687,462,1,1.0,39,16.94,15.0,14.4
1688,767,4,1.0,,16.33,0.0,16.33
1689,492,1,1.0,109,16.94,20.0,13.55
1690,997,1,1.0,112,16.94,20.0,13.55
1691,878,1,1.0,,16.94,0.0,16.94
1692,353,1,1.0,58,16.94,25.0,12.71
1693,140,1,3.0,145,16.94,20.0,40.66
1694,934,44,1.0,,6.31,0.0,6.31
1695,600,2,1.0,,26.86,0.0,26.86
1696,278,2,1.0,,26.86,0.0,26.86
1697,394,1,1.0,,16.94,0.0,16.94
1698,324,3,1.0,,63.43,0.0,63.43
1699,453,2,1.0,64,26.86,20.0,21.49
1700,395,4,2.0,92,16.33,20.0,26.13
1701,729,1,1.0,,16.94,0.0,16.94
1702,209,1,2.0,,16.94,0.0,33.88
1703,868,2,1.0,160,26.86,20.0,21.49
1704,626,8,1.0,,10.19,0.0,10.19
1705,978,4,2.0,157,16.33,20.0,26.13
1706,287,2,2.0,,26.86,0.0,53.72
1707,523,1,4.0,,16.94,0.0,67.76
1708,22,3,1.0,,63.43,0.0,63.43
1709,406,3,1.0,,63.43,0.0,63.43
1710,503,2,1.0,58,26.86,25.0,20.14
1711,823,9,3.0,145,9.27,20.0,22.25
1712,744,1,1.0,,16.94,0.0,16.94
1713,933,6,1.0,48,68.1,10.0,61.29
1714,122,6,4.0,126,68.1,10.0,245.16
1715,385,13,2.0,10,28.88,15.0,49.1
1716,846,5,2.0,,131.73,0.0,263.46
1717,746,1,1.0,,16.94,0.0,16.94
1718,447,1,1.0,,16.94,0.0,16.94
1719,584,17,2.0,,45.19,0.0,90.38
1720,928,1,2.0,109,16.94,20.0,27.1
1721,450,9,2.0,146,9.27,20.0,14.83
1722,116,1,1.0,,16.94,0.0,16.94
1723,430,1,2.0,,16.94,0.0,33.88
1724,844,1,1.0,181,16.94,10.0,15.25
1725,409,2,3.0,,26.86,0.0,80.58
1726,951,1,1.0,22,16.94,15.0,14.4
1727,491,1,1.0,,16.94,0.0,16.94
1728,187,22,1.0,,80.06,0.0,80.06
1729,563,1,4.0,,16.94,0.0,67.76
1730,657,18,1.0,,5.96,0.0,5.96
1731,107,4,3.0,,16.33,0.0,48.99
1732,174,3,2.0,,63.43,0.0,126.86
1733,995,1,4.0,,16.94,0.0,67.76
1734,717,1,1.0,,16.94,0.0,16.94
1735,310,2,1.0,,26.86,0.0,26.86
1736,749,4,1.0,104,16.33,50.0,8.16
1737,373,11,2.0,,42.88,0.0,85.76
1738,46,1,1.0,,16.94,0.0,16.94
1739,968,1,1.0,,16.94,0.0,16.94
1740,725,2,1.0,,26.86,0.0,26.86
1741,389,1,1.0,30,16.94,10.0,15.25
1742,332,6,1.0,76,68.1,5.0,64.69
1743,221,2,1.0,1,26.86,10.0,24.17
1744,830,1,1.0,,16.94,0.0,16.94
1745,655,2,3.0,43,26.86,10.0,72.52
1746,291,8,3.0,,10.19,0.0,30.57
1747,770,5,2.0,,131.73,0.0,263.46
1748,207,2,1.0,,26.86,0.0,26.86
1749,372,1,1.0,110,16.94,10.0,15.25
1750,264,2,1.0,,26.86,0.0,26.86
1751,857,1,2.0,,16.94,0.0,33.88
1752,356,1,2.0,,16.94,0.0,33.88
1753,920,1,1.0,,16.94,0.0,16.94
1754,748,1,1.0,,16.94,0.0,16.94
1755,857,19,1.0,,10.57,0.0,10.57
1756,485,3,1.0,34,63.43,20.0,50.74
1757,678,42,2.0,,15.19,0.0,30.38
1758,74,22,1.0,200,80.06,10.0,72.05
1759,168,53,1.0,30,16.88,10.0,15.19
1760,953,1,1.0,,16.94,0.0,16.94
1761,803,1,3.0,,16.94,0.0,50.82
1762,104,33,1.0,79,42.57,50.0,21.28
1763,696,2,1.0,,26.86,0.0,26.86
1764,748,8,2.0,,10.19,0.0,20.38
1765,597,1,1.0,31,16.94,20.0,13.55
1766,362,13,1.0,193,28.88,10.0,25.99
1767,512,4,1.0,,16.33,0.0,16.33
1768,457,2,4.0,155,26.86,20.0,85.95
1769,499,6,1.0,17,68.1,50.0,34.05
1770,982,5,2.0,,131.73,0.0,263.46
1771,642,41,1.0,,21.92,0.0,21.92
1772,454,2,1.0,,26.86,0.0,26.86
1773,291,2,1.0,,26.86,0.0,26.86
1774,460,2,1.0,152,26.86,50.0,13.43
1775,44,1,1.0,85,16.94,50.0,8.47
1776,610,7,1.0,122,53.88,20.0,43.1
1777,167,5,1.0,120,131.73,10.0,118.56
1778,50,2,1.0,,26.86,0.0,26.86
1779,766,1,3.0,,16.94,0.0,50.82
1780,877,3,4.0,,63.43,0.0,253.72
1781,293,1,1.0,,16.94,0.0,16.94
1782,644,3,2.0,50,63.43,15.0,107.83
1783,242,1,5.0,,16.94,0.0,84.7
1784,50,1,1.0,,16.94,0.0,16.94
1785,183,30,2.0,,30.11,0.0,60.22
1786,936,1,1.0,75,16.94,10.0,15.25
1787,111,3,1.0,,63.43,0.0,63.43
1788,92,2,2.0,,26.86,0.0,53.72
1789,302,6,5.0,,68.1,0.0,340.5
1790,542,11,4.0,112,42.88,20.0,137.22
1791,419,1,1.0,,16.94,0.0,16.94
1792,574,1,3.0,,16.94,0.0,50.82
1793,556,25,1.0,,21.92,0.0,21.92
1794,315,57,1.0,,25.0,0.0,25.0
1795,690,1,1.0,138,16.94,10.0,15.25
1796,916,1,1.0,,16.94,0.0,16.94
1797,244,80,1.0,,62.88,0.0,62.88
1798,44,1,1.0,85,16.94,50.0,8.47
1799,672,1,1.0,29,16.94,20.0,13.55
1800,625,4,3.0,28,16.33,25.0,36.74
1801,437,1,1.0,,16.94,0.0,16.94
1802,139,1,1.0,,16.94,0.0,16.94
1803,648,2,1.0,,26.86,0.0,26.86
1804,853,1,1.0,,16.94,0.0,16.94
1805,699,1,1.0,21,16.94,20.0,13.55
1806,930,1,3.0,172,16.94,15.0,43.2
1807,661,5,1.0,,131.73,0.0,131.73
1808,702,3,6.0,147,63.43,10.0,342.52
1809,855,1,1.0,,16.94,0.0,16.94
1810,404,1,4.0,,16.94,0.0,67.76
1811,498,2,4.0,8,26.86,20.0,85.95
1812,375,11,1.0,,42.88,0.0,42.88
1813,556,64,3.0,,28.78,0.0,86.34
1814,700,5,3.0,183,131.73,10.0,355.67
1815,519,1,1.0,,16.94,0.0,16.94
1816,542,1,1.0,112,16.94,20.0,13.55
1817,927,1,3.0,,16.94,0.0,50.82
1818,467,11,1.0,,42.88,0.0,42.88
1819,432,85,2.0,162,6.85,10.0,12.33
1820,155,1,2.0,,16.94,0.0,33.88
1821,352,1,1.0,,16.94,0.0,16.94
1822,987,2,2.0,,26.86,0.0,53.72
1823,92,2,1.0,,26.86,0.0,26.86
1824,783,3,6.0,137,63.43,10.0,342.52
1825,911,3,1.0,,63.43,0.0,63.43
1826,583,24,1.0,,6.84,0.0,6.84
1827,390,1,1.0,,16.94,0.0,16.94
1828,674,2,3.0,,26.86,0.0,80.58
1829,404,1,1.0,,16.94,0.0,16.94
1830,547,6,1.0,,68.1,0.0,68.1
1831,519,4,1.0,,16.33,0.0,16.33
1832,928,9,4.0,109,9.27,20.0,29.66
1833,683,3,1.0,,63.43,0.0,63.43
1834,615,51,2.0,188,4.59,20.0,7.34
1835,382,2,4.0,12,26.86,5.0,102.07
1836,278,1,1.0,,16.94,0.0,16.94
1837,885,1,1.0,,16.94,0.0,16.94
1838,522,7,1.0,,53.88,0.0,53.88
1839,5,3,1.0,,63.43,0.0,63.43
1840,105,1,2.0,,16.94,0.0,33.88
1841,255,1,1.0,177,16.94,25.0,12.71
1842,639,1,1.0,,16.94,0.0,16.94
1843,368,2,1.0,,26.86,0.0,26.86
1844,720,1,1.0,62,16.94,20.0,13.55
1845,644,1,1.0,50,16.94,15.0,14.4
1846,69,1,1.0,,16.94,0.0,16.94
1847,696,1,1.0,,16.94,0.0,16.94
1848,574,89,1.0,,52.27,0.0,52.27
1849,699,16,2.0,21,10.28,20.0,16.45
1850,825,2,2.0,,26.86,0.0,53.72
1851,23,1,1.0,,16.94,0.0,16.94
1852,113,1,3.0,,16.94,0.0,50.82
1853,579,1,1.0,,16.94,0.0,16.94
1854,125,1,2.0,,16.94,0.0,33.88
1855,428,1,1.0,,16.94,0.0,16.94
1856,722,33,1.0,,42.57,0.0,42.57
1857,535,1,5.0,,16.94,0.0,84.7
1858,618,5,1.0,,131.73,0.0,131.73
1859,2,1,1.0,,16.94,0.0,16.94
1860,340,1,1.0,74,16.94,10.0,15.25
1861,402,2,1.0,,26.86,0.0,26.86
1862,327,5,2.0,123,131.73,10.0,237.11
1863,117,1,2.0,59,16.94,20.0,27.1
1864,444,5,4.0,,131.73,0.0,526.92
1865,580,3,1.0,,63.43,0.0,63.43
1866,993,3,2.0,,63.43,0.0,126.86
1867,704,4,2.0,,16.33,0.0,32.66
1868,740,5,4.0,,131.73,0.0,526.92
1869,725,1,1.0,,16.94,0.0,16.94
1870,327,5,2.0,123,131.73,10.0,237.11
1871,634,1,1.0,43,16.94,10.0,15.25
1872,141,1,1.0,,16.94,0.0,16.94
1873,980,4,2.0,124,16.33,5.0,31.03
1874,634,1,2.0,43,16.94,10.0,30.49
1875,723,1,1.0,,16.94,0.0,16.94
1876,55,57,1.0,123,25.0,10.0,22.5
1877,394,4,1.0,,16.33,0.0,16.33
1878,192,1,1.0,164,16.94,25.0,12.71
1879,333,11,1.0,,42.88,0.0,42.88
1880,337,22,1.0,,80.06,0.0,80.06
1881,765,9,1.0,182,9.27,25.0,6.95
1882,974,1,1.0,,16.94,0.0,16.94
1883,123,2,2.0,,26.86,0.0,53.72
1884,905,1,1.0,79,16.94,50.0,8.47
1885,966,1,3.0,,16.94,0.0,50.82
1886,133,8,1.0,145,10.19,20.0,8.15
1887,353,1,1.0,58,16.94,25.0,12.71
1888,322,1,2.0,171,16.94,20.0,27.1
1889,943,5,1.0,,131.73,0.0,131.73
1890,525,3,4.0,,63.43,0.0,253.72
1891,128,1,3.0,,16.94,0.0,50.82
1892,201,1,2.0,,16.94,0.0,33.88
1893,770,11,1.0,,42.88,0.0,42.88
1894,65,1,1.0,,16.94,0.0,16.94
1895,737,5,1.0,,131.73,0.0,131.73
1896,887,3,1.0,,63.43,0.0,63.43
1897,76,1,2.0,121,16.94,10.0,30.49
1898,423,1,3.0,29,16.94,20.0,40.66
1899,806,6,1.0,131,68.1,20.0,54.48
1900,340,2,4.0,74,26.86,10.0,96.7
1901,418,3,1.0,44,63.43,10.0,57.09
1902,738,1,1.0,,16.94,0.0,16.94
1903,179,1,1.0,,16.94,0.0,16.94
1904,673,1,1.0,,16.94,0.0,16.94
1905,552,1,3.0,118,16.94,10.0,45.74
1906,940,3,1.0,,63.43,0.0,63.43
1907,17,76,2.0,,15.33,0.0,30.66
1908,862,1,1.0,,16.94,0.0,16.94
1909,691,1,2.0,,16.94,0.0,33.88
1910,698,1,2.0,,16.94,0.0,33.88
1911,768,1,2.0,,16.94,0.0,33.88
1912,466,2,1.0,63,26.86,10.0,24.17
1913,930,5,1.0,172,131.73,15.0,111.97
1914,419,2,2.0,,26.86,0.0,53.72
1915,617,1,1.0,183,16.94,10.0,15.25
1916,473,72,1.0,,30.67,0.0,30.67
1917,158,5,1.0,110,131.73,10.0,118.56
1918,268,1,2.0,,16.94,0.0,33.88
1919,199,1,1.0,,16.94,0.0,16.94
1920,484,1,1.0,,16.94,0.0,16.94
1921,945,1,1.0,,16.94,0.0,16.94
1922,944,1,1.0,,16.94,0.0,16.94
1923,19,1,2.0,,16.94,0.0,33.88
1924,97,5,1.0,111,131.73,20.0,105.38
1925,365,56,1.0,,12.41,0.0,12.41
1926,921,3,1.0,165,63.43,50.0,31.72
1927,462,1,3.0,39,16.94,15.0,43.2
1928,563,45,1.0,,28.14,0.0,28.14
1929,525,1,3.0,,16.94,0.0,50.82
1930,860,2,2.0,,26.86,0.0,53.72
1931,46,3,1.0,,63.43,0.0,63.43
1932,447,1,1.0,,16.94,0.0,16.94
1933,214,2,1.0,,26.86,0.0,26.86
1934,616,3,1.0,,63.43,0.0,63.43
1935,77,1,3.0,146,16.94,20.0,40.66
1936,551,31,3.0,,36.9,0.0,110.7
1937,462,22,1.0,39,80.06,15.0,68.05
1938,965,15,2.0,100,28.69,5.0,54.51
1939,984,2,1.0,,26.86,0.0,26.86
1940,461,1,2.0,77,16.94,20.0,27.1
1941,68,1,1.0,,16.94,0.0,16.94
1942,258,3,1.0,77,63.43,20.0,50.74
1943,270,16,1.0,,10.28,0.0,10.28
1944,388,1,2.0,,16.94,0.0,33.88
1945,621,15,1.0,,28.69,0.0,28.69
1946,542,22,1.0,112,80.06,20.0,64.05
1947,385,17,3.0,10,45.19,15.0,115.23
1948,95,1,1.0,,16.94,0.0,16.94
1949,865,2,1.0,,26.86,0.0,26.86
1950,42,1,3.0,,16.94,0.0,50.82
1951,481,5,1.0,57,131.73,10.0,118.56
1952,789,1,2.0,,16.94,0.0,33.88
1953,258,2,1.0,77,26.86,20.0,21.49
1954,936,1,1.0,75,16.94,10.0,15.25
1955,955,78,1.0,,5.84,0.0,5.84
1956,788,2,1.0,,26.86,0.0,26.86
1957,610,2,1.0,122,26.86,20.0,21.49
1958,170,1,1.0,,16.94,0.0,16.94
1959,248,3,2.0,184,63.43,5.0,120.52
1960,635,1,2.0,155,16.94,20.0,27.1
1961,737,10,1.0,,12.18,0.0,12.18
1962,985,5,1.0,,131.73,0.0,131.73
1963,556,2,1.0,,26.86,0.0,26.86
1964,178,8,1.0,,10.19,0.0,10.19
1965,236,54,3.0,,13.87,0.0,41.61
1966,665,1,7.0,,16.94,0.0,118.58
1967,313,1,2.0,66,16.94,15.0,28.8
1968,292,2,4.0,76,26.86,5.0,102.07
1969,363,1,1.0,,16.94,0.0,16.94
1970,385,2,2.0,10,26.86,15.0,45.66
1971,36,1,2.0,,16.94,0.0,33.88
1972,789,2,1.0,,26.86,0.0,26.86
1973,594,2,2.0,52,26.86,20.0,42.98
1974,656,1,2.0,21,16.94,20.0,27.1
1975,265,1,1.0,,16.94,0.0,16.94
1976,881,1,1.0,,16.94,0.0,16.94
1977,426,1,1.0,55,16.94,50.0,8.47
1978,711,1,1.0,,16.94,0.0,16.94
1979,887,1,1.0,,16.94,0.0,16.94
1980,504,9,3.0,,9.27,0.0,27.81
1981,55,7,1.0,123,53.88,10.0,48.49
1982,30,16,4.0,92,10.28,20.0,32.9
1983,843,22,3.0,,80.06,0.0,240.18
1984,83,1,1.0,,16.94,0.0,16.94
1985,956,11,1.0,126,42.88,10.0,38.59
1986,291,1,1.0,,16.94,0.0,16.94
1987,401,11,3.0,,42.88,0.0,128.64
1988,931,1,1.0,,16.94,0.0,16.94
1989,328,4,1.0,,16.33,0.0,16.33
1990,542,1,1.0,112,16.94,20.0,13.55
1991,360,2,1.0,,26.86,0.0,26.86
1992,699,5,1.0,21,131.73,20.0,105.38
1993,734,2,4.0,,26.86,0.0,107.44
1994,476,9,1.0,123,9.27,10.0,8.34
1995,662,1,1.0,,16.94,0.0,16.94
1996,587,7,1.0,,53.88,0.0,53.88
1997,865,1,3.0,,16.94,0.0,50.82
1998,670,2,1.0,191,26.86,25.0,20.14
1999,219,4,1.0,,16.33,0.0,16.33
2000,982,1,1.0,,16.94,0.0,16.94
2001,615,1,2.0,188,16.94,20.0,27.1
2002,26,65,2.0,,27.72,0.0,55.44
2003,242,1,1.0,,16.94,0.0,16.94
2004,938,1,3.0,190,16.94,50.0,25.41
2005,951,8,1.0,22,10.19,15.0,8.66
2006,301,2,1.0,56,26.86,15.0,22.83
2007,864,4,1.0,,16.33,0.0,16.33
2008,338,8,2.0,,10.19,0.0,20.38
2009,418,1,1.0,44,16.94,10.0,15.25
2010,83,12,1.0,,6.65,0.0,6.65
2011,822,1,2.0,,16.94,0.0,33.88
2012,650,2,3.0,4,26.86,20.0,64.46
2013,864,34,1.0,,22.14,0.0,22.14
2014,919,9,4.0,,9.27,0.0,37.08
2015,356,3,2.0,,63.43,0.0,126.86
2016,466,1,4.0,63,16.94,10.0,60.98
2017,3,4,1.0,,16.33,0.0,16.33
2018,672,54,1.0,29,13.87,20.0,11.1
2019,29,1,1.0,55,16.94,50.0,8.47
2020,68,21,1.0,,67.47,0.0,67.47
2021,528,2,2.0,,26.86,0.0,53.72
2022,60,1,2.0,174,16.94,10.0,30.49
2023,951,2,3.0,22,26.86,15.0,68.49
2024,392,1,1.0,164,16.94,25.0,12.71
2025,648,5,1.0,,131.73,0.0,131.73
2026,134,1,1.0,,16.94,0.0,16.94
2027,319,1,2.0,134,16.94,15.0,28.8
2028,802,2,1.0,,26.86,0.0,26.86
2029,864,1,1.0,,16.94,0.0,16.94
2030,383,2,3.0,,26.86,0.0,80.58
2031,616,3,1.0,,63.43,0.0,63.43
2032,460,7,1.0,152,53.88,50.0,26.94
2033,378,41,4.0,,21.92,0.0,87.68
2034,421,40,1.0,110,83.64,10.0,75.28
2035,164,1,1.0,,16.94,0.0,16.94
2036,524,6,1.0,,68.1,0.0,68.1
2037,289,1,1.0,,16.94,0.0,16.94
2038,632,1,1.0,,16.94,0.0,16.94
2039,788,31,1.0,,36.9,0.0,36.9
2040,501,1,1.0,,16.94,0.0,16.94
2041,549,1,1.0,66,16.94,15.0,14.4
2042,901,2,2.0,,26.86,0.0,53.72
2043,738,1,4.0,,16.94,0.0,67.76
2044,260,4,5.0,,16.33,0.0,81.65
2045,843,1,2.0,,16.94,0.0,33.88
2046,237,1,1.0,109,16.94,20.0,13.55
2047,205,1,2.0,10,16.94,15.0,28.8
2048,947,13,2.0,,28.88,0.0,57.76
2049,380,2,2.0,136,26.86,10.0,48.35
2050,229,9,1.0,,9.27,0.0,9.27
2051,608,2,2.0,,26.86,0.0,53.72
2052,370,1,4.0,178,16.94,20.0,54.21
2053,184,14,2.0,,38.72,0.0,77.44
2054,269,1,1.0,,16.94,0.0,16.94
2055,67,6,3.0,,68.1,0.0,204.3
2056,186,41,1.0,,21.92,0.0,21.92
2057,746,1,1.0,,16.94,0.0,16.94
2058,944,1,1.0,,16.94,0.0,16.94
2059,479,2,1.0,,26.86,0.0,26.86
2060,304,19,2.0,114,10.57,20.0,16.91
2061,416,3,4.0,191,63.43,25.0,190.29
2062,260,1,1.0,,16.94,0.0,16.94
2063,933,19,1.0,48,10.57,10.0,9.51
2064,116,1,1.0,,16.94,0.0,16.94
2065,303,7,1.0,76,53.88,5.0,51.19
2066,246,33,2.0,12,42.57,5.0,80.88
2067,814,3,1.0,,63.43,0.0,63.43
2068,888,2,2.0,,26.86,0.0,53.72
2069,381,1,1.0,,16.94,0.0,16.94
2070,374,3,1.0,,63.43,0.0,63.43
2071,393,1,1.0,,16.94,0.0,16.94
2072,918,18,2.0,,5.96,0.0,11.92
2073,829,1,1.0,6,16.94,15.0,14.4
2074,180,1,1.0,34,16.94,20.0,13.55
2075,364,10,2.0,,12.18,0.0,24.36
2076,229,1,3.0,,16.94,0.0,50.82
2077,737,2,1.0,,26.86,0.0,26.86
2078,498,1,1.0,8,16.94,20.0,13.55
2079,637,4,2.0,72,16.33,20.0,26.13
2080,101,2,1.0,38,26.86,15.0,22.83
2081,965,1,1.0,100,16.94,5.0,16.09
2082,602,17,3.0,,45.19,0.0,135.57
2083,340,26,1.0,74,50.64,10.0,45.58
2084,608,2,1.0,,26.86,0.0,26.86
2085,409,1,1.0,,16.94,0.0,16.94
2086,999,5,1.0,,131.73,0.0,131.73
2087,608,1,1.0,,16.94,0.0,16.94
2088,32,2,2.0,,26.86,0.0,53.72
2089,823,1,1.0,145,16.94,20.0,13.55
2090,477,7,1.0,,53.88,0.0,53.88
2091,15,1,2.0,,16.94,0.0,33.88
2092,277,4,1.0,,16.33,0.0,16.33
2093,462,1,1.0,39,16.94,15.0,14.4
2094,576,1,1.0,,16.94,0.0,16.94
2095,838,3,2.0,,63.43,0.0,126.86
2096,616,5,2.0,,131.73,0.0,263.46
2097,213,1,1.0,,16.94,0.0,16.94
2098,586,1,5.0,,16.94,0.0,84.7
2099,196,1,2.0,146,16.94,20.0,27.1
2100,120,1,1.0,,16.94,0.0,16.94
2101,174,13,4.0,,28.88,0.0,115.52
2102,38,9,2.0,,9.27,0.0,18.54
2103,625,5,3.0,28,131.73,25.0,296.39
2104,624,95,3.0,,5.61,0.0,16.83
2105,331,33,1.0,,42.57,0.0,42.57
2106,112,17,1.0,,45.19,0.0,45.19
2107,299,8,1.0,,10.19,0.0,10.19
2108,800,6,1.0,191,68.1,25.0,51.08
2109,404,19,4.0,,10.57,0.0,42.28
2110,458,52,1.0,,9.06,0.0,9.06
2111,822,2,1.0,,26.86,0.0,26.86
2112,521,9,1.0,,9.27,0.0,9.27
2113,278,1,1.0,,16.94,0.0,16.94
2114,352,35,4.0,,11.43,0.0,45.72
2115,448,3,1.0,,63.43,0.0,63.43
2116,87,1,1.0,191,16.94,25.0,12.71
2117,702,25,2.0,147,21.92,10.0,39.46
2118,778,1,1.0,,16.94,0.0,16.94
2119,502,1,2.0,79,16.94,50.0,16.94
2120,768,1,1.0,,16.94,0.0,16.94
2121,806,1,2.0,131,16.94,20.0,27.1
2122,404,1,1.0,,16.94,0.0,16.94
2123,206,1,2.0,6,16.94,15.0,28.8
2124,911,1,2.0,,16.94,0.0,33.88
2125,93,9,1.0,123,9.27,10.0,8.34
2126,985,3,1.0,,63.43,0.0,63.43
2127,373,1,1.0,,16.94,0.0,16.94
2128,59,1,1.0,,16.94,0.0,16.94
2129,450,1,1.0,146,16.94,20.0,13.55
2130,881,1,1.0,,16.94,0.0,16.94
2131,954,1,2.0,72,16.94,20.0,27.1
2132,400,2,1.0,50,26.86,15.0,22.83
2133,804,1,1.0,,16.94,0.0,16.94
2134,967,11,2.0,121,42.88,10.0,77.18
2135,385,11,2.0,10,42.88,15.0,72.9
2136,731,2,1.0,,26.86,0.0,26.86
2137,781,2,1.0,148,26.86,10.0,24.17
2138,475,1,1.0,,16.94,0.0,16.94
2139,965,36,1.0,100,26.42,5.0,25.1
2140,428,1,1.0,,16.94,0.0,16.94
2141,772,5,1.0,,131.73,0.0,131.73
2142,327,1,2.0,123,16.94,10.0,30.49
2143,116,3,1.0,,63.43,0.0,63.43
2144,427,2,1.0,120,26.86,10.0,24.17
2145,690,2,1.0,138,26.86,10.0,24.17
2146,944,1,3.0,,16.94,0.0,50.82
2147,751,25,2.0,,21.92,0.0,43.84
2148,733,79,2.0,,53.68,0.0,107.36
2149,847,1,1.0,,16.94,0.0,16.94
2150,165,60,1.0,5,11.6,10.0,10.44
2151,496,62,1.0,,25.52,0.0,25.52
2152,73,7,1.0,,53.88,0.0,53.88
2153,582,4,2.0,,16.33,0.0,32.66
2154,369,1,1.0,,16.94,0.0,16.94
2155,347,96,3.0,120,18.58,10.0,50.17
2156,820,32,1.0,,16.28,0.0,16.28
2157,756,35,2.0,,11.43,0.0,22.86
2158,790,2,1.0,,26.86,0.0,26.86
2159,698,7,1.0,,53.88,0.0,53.88
2160,352,4,1.0,,16.33,0.0,16.33
2161,9,2,1.0,,26.86,0.0,26.86
2162,300,1,2.0,,16.94,0.0,33.88
2163,786,7,1.0,,53.88,0.0,53.88
2164,778,1,1.0,,16.94,0.0,16.94
2165,19,2,3.0,,26.86,0.0,80.58
2166,289,1,2.0,,16.94,0.0,33.88
2167,142,1,1.0,,16.94,0.0,16.94
2168,535,2,4.0,,26.86,0.0,107.44
2169,177,2,2.0,,26.86,0.0,53.72
2170,215,4,2.0,,16.33,0.0,32.66
2171,485,2,1.0,34,26.86,20.0,21.49
2172,845,1,1.0,,16.94,0.0,16.94
2173,964,1,3.0,11,16.94,25.0,38.12
2174,592,1,2.0,64,16.94,20.0,27.1
2175,330,1,1.0,,16.94,0.0,16.94
2176,358,6,3.0,,68.1,0.0,204.3
2177,237,42,1.0,109,15.19,20.0,12.15
2178,94,81,3.0,,69.62,0.0,208.86
2179,856,3,2.0,,63.43,0.0,126.86
2180,858,29,1.0,191,32.39,25.0,24.29
2181,78,2,1.0,,26.86,0.0,26.86
2182,716,1,1.0,,16.94,0.0,16.94
2183,820,1,2.0,,16.94,0.0,33.88
2184,881,72,1.0,,30.67,0.0,30.67
2185,851,15,2.0,,28.69,0.0,57.38
2186,6,1,1.0,,16.94,0.0,16.94
2187,959,3,1.0,,63.43,0.0,63.43
2188,161,3,3.0,,63.43,0.0,190.29
2189,128,5,1.0,,131.73,0.0,131.73
2190,932,1,2.0,,16.94,0.0,33.88
2191,738,1,2.0,,16.94,0.0,33.88
2192,597,1,3.0,31,16.94,20.0,40.66
2193,615,4,1.0,188,16.33,20.0,13.06
2194,395,5,2.0,92,131.73,20.0,210.77
2195,586,1,3.0,,16.94,0.0,50.82
2196,239,2,1.0,,26.86,0.0,26.86
2197,901,1,2.0,,16.94,0.0,33.88
2198,601,1,2.0,173,16.94,20.0,27.1
2199,191,1,1.0,168,16.94,15.0,14.4
2200,823,2,2.0,145,26.86,20.0,42.98
2201,908,1,3.0,188,16.94,20.0,40.66
2202,128,2,2.0,,26.86,0.0,53.72
2203,459,8,3.0,,10.19,0.0,30.57
2204,43,3,1.0,125,63.43,15.0,53.92
2205,408,1,1.0,,16.94,0.0,16.94
2206,164,3,1.0,,63.43,0.0,63.43
2207,140,2,1.0,145,26.86,20.0,21.49
2208,523,3,1.0,,63.43,0.0,63.43
2209,963,2,2.0,,26.86,0.0,53.72
2210,673,3,1.0,,63.43,0.0,63.43
2211,208,37,2.0,,89.18,0.0,178.36
2212,382,14,1.0,12,38.72,5.0,36.78
2213,603,1,1.0,,16.94,0.0,16.94
2214,646,6,2.0,,68.1,0.0,136.2
2215,525,56,1.0,,12.41,0.0,12.41
2216,114,1,2.0,55,16.94,50.0,16.94
2217,400,3,2.0,50,63.43,15.0,107.83
2218,74,1,3.0,200,16.94,10.0,45.74
2219,989,1,2.0,,16.94,0.0,33.88
2220,287,1,2.0,,16.94,0.0,33.88
2221,482,7,1.0,,53.88,0.0,53.88
2222,723,1,1.0,,16.94,0.0,16.94
2223,686,28,3.0,,39.7,0.0,119.1
2224,366,32,1.0,162,16.28,10.0,14.65
2225,377,1,1.0,,16.94,0.0,16.94
2226,667,9,1.0,,9.27,0.0,9.27
2227,210,3,3.0,,63.43,0.0,190.29
2228,586,1,1.0,,16.94,0.0,16.94
2229,308,8,5.0,136,10.19,10.0,45.86
2230,169,3,1.0,,63.43,0.0,63.43
2231,57,10,2.0,,12.18,0.0,24.36
2232,574,45,1.0,,28.14,0.0,28.14
2233,511,15,3.0,180,28.69,20.0,68.86
2234,66,1,2.0,,16.94,0.0,33.88
2235,116,12,1.0,,6.65,0.0,6.65
2236,455,1,1.0,,16.94,0.0,16.94
2237,144,6,2.0,,68.1,0.0,136.2
2238,601,1,1.0,173,16.94,20.0,13.55
2239,550,9,1.0,45,9.27,15.0,7.88
2240,178,4,6.0,,16.33,0.0,97.98
2241,200,15,1.0,,28.69,0.0,28.69
2242,829,4,1.0,6,16.33,15.0,13.88
2243,624,4,3.0,,16.33,0.0,48.99
2244,602,1,4.0,,16.94,0.0,67.76
2245,339,53,1.0,,16.88,0.0,16.88
2246,38,1,1.0,,16.94,0.0,16.94
2247,314,2,1.0,,26.86,0.0,26.86
2248,36,1,5.0,,16.94,0.0,84.7
2249,324,1,1.0,,16.94,0.0,16.94
2250,189,1,1.0,,16.94,0.0,16.94
2251,142,9,3.0,,9.27,0.0,27.81
2252,395,2,3.0,92,26.86,20.0,64.46
2253,841,4,1.0,,16.33,0.0,16.33
2254,361,1,1.0,,16.94,0.0,16.94
2255,835,1,2.0,,16.94,0.0,33.88
2256,355,32,1.0,,16.28,0.0,16.28
2257,442,3,1.0,,63.43,0.0,63.43
2258,10,16,1.0,,10.28,0.0,10.28
2259,653,2,3.0,,26.86,0.0,80.58
2260,661,27,2.0,,18.39,0.0,36.78
2261,429,1,1.0,,16.94,0.0,16.94
2262,639,1,1.0,,16.94,0.0,16.94
2263,252,1,1.0,,16.94,0.0,16.94
2264,729,1,1.0,,16.94,0.0,16.94
2265,567,7,1.0,,53.88,0.0,53.88
2266,155,2,1.0,,26.86,0.0,26.86
2267,373,1,1.0,,16.94,0.0,16.94
2268,769,1,1.0,141,16.94,10.0,15.25
2269,807,1,1.0,85,16.94,50.0,8.47
2270,394,1,1.0,,16.94,0.0,16.94
2271,780,1,2.0,,16.94,0.0,33.88
2272,264,11,2.0,,42.88,0.0,85.76
2273,660,2,2.0,176,26.86,50.0,26.86
2274,809,8,2.0,,10.19,0.0,20.38
2275,687,1,1.0,,16.94,0.0,16.94
2276,163,15,1.0,,28.69,0.0,28.69
2277,653,1,1.0,,16.94,0.0,16.94
2278,436,1,1.0,,16.94,0.0,16.94
2279,918,1,2.0,,16.94,0.0,33.88
2280,18,1,1.0,,16.94,0.0,16.94
2281,247,12,1.0,138,6.65,10.0,5.98
2282,623,1,1.0,,16.94,0.0,16.94
2283,992,2,1.0,,26.86,0.0,26.86
2284,12,3,1.0,,63.43,0.0,63.43
2285,78,11,3.0,,42.88,0.0,128.64
2286,198,1,2.0,,16.94,0.0,33.88
2287,742,1,2.0,39,16.94,15.0,28.8
2288,649,2,2.0,,26.86,0.0,53.72
2289,384,1,2.0,,16.94,0.0,33.88
2290,819,12,1.0,,6.65,0.0,6.65
2291,731,3,1.0,,63.43,0.0,63.43
2292,856,9,2.0,,9.27,0.0,18.54
2293,762,11,2.0,11,42.88,25.0,64.32
2294,225,1,2.0,101,16.94,5.0,32.19
2295,330,5,1.0,,131.73,0.0,131.73
2296,448,1,1.0,,16.94,0.0,16.94
2297,904,2,4.0,,26.86,0.0,107.44
2298,104,1,1.0,79,16.94,50.0,8.47
2299,944,7,2.0,,53.88,0.0,107.76
2300,700,21,1.0,183,67.47,10.0,60.72
2301,430,10,1.0,,12.18,0.0,12.18
2302,145,6,2.0,171,68.1,20.0,108.96
2303,438,27,1.0,14,18.39,15.0,15.63
2304,853,49,3.0,,22.26,0.0,66.78
2305,534,1,1.0,,16.94,0.0,16.94
2306,926,1,1.0,,16.94,0.0,16.94
2307,811,2,1.0,,26.86,0.0,26.86
2308,752,7,1.0,,53.88,0.0,53.88
2309,176,56,2.0,159,12.41,20.0,19.86
2310,217,22,2.0,,80.06,0.0,160.12
2311,968,1,1.0,,16.94,0.0,16.94
2312,514,63,5.0,,9.12,0.0,45.6
2313,881,2,1.0,,26.86,0.0,26.86
2314,130,1,1.0,,16.94,0.0,16.94
2315,655,1,2.0,43,16.94,10.0,30.49
2316,611,10,1.0,,12.18,0.0,12.18
2317,468,1,1.0,,16.94,0.0,16.94
2318,260,65,1.0,,27.72,0.0,27.72
2319,680,4,1.0,,16.33,0.0,16.33
2320,430,1,1.0,,16.94,0.0,16.94
2321,8,3,3.0,183,63.43,10.0,171.26
2322,429,1,1.0,,16.94,0.0,16.94
2323,587,54,1.0,,13.87,0.0,13.87
2324,917,6,1.0,,68.1,0.0,68.1
2325,258,4,1.0,77,16.33,20.0,13.06
2326,561,1,1.0,,16.94,0.0,16.94
2327,893,1,1.0,72,16.94,20.0,13.55
2328,468,2,1.0,,26.86,0.0,26.86
2329,615,1,3.0,188,16.94,20.0,40.66
2330,333,5,1.0,,131.73,0.0,131.73
2331,794,1,2.0,,16.94,0.0,33.88
2332,661,8,1.0,,10.19,0.0,10.19
2333,671,1,1.0,,16.94,0.0,16.94
2334,78,6,2.0,,68.1,0.0,136.2
2335,668,1,3.0,,16.94,0.0,50.82
2336,998,1,2.0,55,16.94,50.0,16.94
2337,529,1,5.0,,16.94,0.0,84.7
2338,674,4,2.0,,16.33,0.0,32.66
2339,251,1,1.0,43,16.94,10.0,15.25
2340,183,34,2.0,,22.14,0.0,44.28
2341,692,4,1.0,,16.33,0.0,16.33
2342,87,1,1.0,191,16.94,25.0,12.71
2343,646,6,1.0,,68.1,0.0,68.1
2344,505,1,2.0,,16.94,0.0,33.88
2345,803,22,1.0,,80.06,0.0,80.06
2346,839,4,2.0,,16.33,0.0,32.66
2347,462,1,1.0,39,16.94,15.0,14.4
2348,489,2,1.0,,26.86,0.0,26.86
2349,466,10,1.0,63,12.18,10.0,10.96
2350,865,2,3.0,,26.86,0.0,80.58
2351,863,1,2.0,,16.94,0.0,33.88
2352,574,1,3.0,,16.94,0.0,50.82
2353,5,2,1.0,,26.86,0.0,26.86
2354,624,1,1.0,,16.94,0.0,16.94
2355,43,10,3.0,125,12.18,15.0,31.06
2356,593,1,1.0,,16.94,0.0,16.94
2357,810,4,1.0,21,16.33,20.0,13.06
2358,316,3,1.0,62,63.43,20.0,50.74
2359,255,6,2.0,177,68.1,25.0,102.15
2360,423,1,1.0,29,16.94,20.0,13.55
2361,548,1,1.0,,16.94,0.0,16.94
2362,249,5,1.0,,131.73,0.0,131.73
2363,375,1,1.0,,16.94,0.0,16.94
2364,978,9,1.0,157,9.27,20.0,7.42
2365,3,1,1.0,,16.94,0.0,16.94
2366,37,26,1.0,,50.64,0.0,50.64
2367,407,1,1.0,130,16.94,10.0,15.25
2368,908,1,1.0,188,16.94,20.0,13.55
2369,391,1,1.0,,16.94,0.0,16.94
2370,271,1,1.0,117,16.94,50.0,8.47
2371,830,1,1.0,,16.94,0.0,16.94
2372,107,9,2.0,,9.27,0.0,18.54
2373,555,28,2.0,,39.7,0.0,79.4
2374,707,2,1.0,141,26.86,10.0,24.17
2375,998,2,3.0,55,26.86,50.0,40.29
2376,139,1,1.0,,16.94,0.0,16.94
2377,838,1,2.0,,16.94,0.0,33.88
2378,113,39,2.0,,59.2,0.0,118.4
2379,482,13,3.0,,28.88,0.0,86.64
2380,732,4,1.0,27,16.33,20.0,13.06
2381,688,1,1.0,,16.94,0.0,16.94
2382,113,31,1.0,,36.9,0.0,36.9
2383,104,1,2.0,79,16.94,50.0,16.94
2384,473,1,2.0,,16.94,0.0,33.88
2385,996,7,2.0,46,53.88,15.0,91.6
2386,758,3,3.0,,63.43,0.0,190.29
2387,475,63,2.0,,9.12,0.0,18.24
2388,702,14,1.0,147,38.72,10.0,34.85
2389,791,12,5.0,,6.65,0.0,33.25
2390,39,1,1.0,111,16.94,20.0,13.55
2391,58,1,1.0,,16.94,0.0,16.94
2392,409,13,1.0,,28.88,0.0,28.88
2393,70,74,2.0,,23.37,0.0,46.74
2394,66,81,3.0,,69.62,0.0,208.86
2395,43,1,2.0,125,16.94,15.0,28.8
2396,982,2,1.0,,26.86,0.0,26.86
2397,653,89,2.0,,52.27,0.0,104.54
2398,219,63,3.0,,9.12,0.0,27.36
2399,112,2,1.0,,26.86,0.0,26.86
2400,354,9,2.0,193,9.27,10.0,16.69
2401,256,2,2.0,93,26.86,50.0,26.86
2402,490,41,1.0,51,21.92,50.0,10.96
2403,485,3,4.0,34,63.43,20.0,202.98
2404,13,19,1.0,169,10.57,15.0,8.98
2405,354,12,1.0,193,6.65,10.0,5.98
2406,864,25,1.0,,21.92,0.0,21.92
2407,953,4,1.0,,16.33,0.0,16.33
2408,70,2,1.0,,26.86,0.0,26.86
2409,920,3,1.0,,63.43,0.0,63.43
2410,973,2,2.0,,26.86,0.0,53.72
2411,959,1,1.0,,16.94,0.0,16.94
2412,693,3,1.0,,63.43,0.0,63.43
2413,446,1,1.0,,16.94,0.0,16.94
2414,58,1,2.0,,16.94,0.0,33.88
2415,854,1,2.0,70,16.94,20.0,27.1
2416,147,3,1.0,49,63.43,20.0,50.74
2417,299,1,1.0,,16.94,0.0,16.94
2418,90,2,1.0,133,26.86,20.0,21.49
2419,672,1,1.0,29,16.94,20.0,13.55
2420,920,1,1.0,,16.94,0.0,16.94
2421,123,1,1.0,,16.94,0.0,16.94
2422,642,1,2.0,,16.94,0.0,33.88
2423,310,6,1.0,,68.1,0.0,68.1
2424,714,1,1.0,,16.94,0.0,16.94
2425,881,1,1.0,,16.94,0.0,16.94
2426,536,1,1.0,,16.94,0.0,16.94
2427,803,2,1.0,,26.86,0.0,26.86
2428,132,4,3.0,,16.33,0.0,48.99
2429,33,1,1.0,175,16.94,10.0,15.25
2430,955,1,2.0,,16.94,0.0,33.88
2431,993,7,3.0,,53.88,0.0,161.64
2432,412,1,2.0,144,16.94,10.0,30.49
2433,211,2,4.0,,26.86,0.0,107.44
2434,30,53,1.0,92,16.88,20.0,13.5
2435,568,2,1.0,114,26.86,20.0,21.49
2436,115,1,4.0,,16.94,0.0,67.76
2437,941,1,2.0,,16.94,0.0,33.88
2438,40,4,1.0,23,16.33,20.0,13.06
2439,527,1,1.0,95,16.94,5.0,16.09
2440,531,17,1.0,102,45.19,15.0,38.41
2441,816,1,1.0,,16.94,0.0,16.94
2442,638,1,1.0,62,16.94,20.0,13.55
2443,302,1,2.0,,16.94,0.0,33.88
2444,166,1,2.0,,16.94,0.0,33.88
2445,791,1,1.0,,16.94,0.0,16.94
2446,306,1,1.0,,16.94,0.0,16.94
2447,362,1,2.0,193,16.94,10.0,30.49
2448,795,36,1.0,,26.42,0.0,26.42
2449,973,7,4.0,,53.88,0.0,215.52
2450,600,1,1.0,,16.94,0.0,16.94
2451,456,4,3.0,,16.33,0.0,48.99
2452,25,4,1.0,,16.33,0.0,16.33
2453,711,3,1.0,,63.43,0.0,63.43
2454,959,2,1.0,,26.86,0.0,26.86
2455,663,1,1.0,127,16.94,20.0,13.55
2456,426,1,4.0,55,16.94,50.0,33.88
2457,794,2,2.0,,26.86,0.0,53.72
2458,303,4,1.0,76,16.33,5.0,15.51
2459,517,9,1.0,,9.27,0.0,9.27
2460,580,32,2.0,,16.28,0.0,32.56
2461,287,1,6.0,,16.94,0.0,101.64
2462,948,17,2.0,,45.19,0.0,90.38
2463,817,2,1.0,,26.86,0.0,26.86
2464,878,1,2.0,,16.94,0.0,33.88
2465,980,9,2.0,124,9.27,5.0,17.61
2466,832,2,2.0,,26.86,0.0,53.72
2467,931,1,2.0,,16.94,0.0,33.88
2468,957,3,1.0,,63.43,0.0,63.43
2469,208,1,2.0,,16.94,0.0,33.88
2470,782,1,2.0,27,16.94,20.0,27.1
2471,119,1,2.0,,16.94,0.0,33.88
2472,783,4,2.0,137,16.33,10.0,29.39
2473,65,12,1.0,,6.65,0.0,6.65
2474,159,1,1.0,,16.94,0.0,16.94
2475,254,11,1.0,103,42.88,20.0,34.3
2476,156,2,2.0,,26.86,0.0,53.72
2477,156,9,2.0,,9.27,0.0,18.54
2478,664,1,2.0,,16.94,0.0,33.88
2479,168,1,1.0,30,16.94,10.0,15.25
2480,641,2,1.0,84,26.86,25.0,20.14
2481,42,3,1.0,,63.43,0.0,63.43
2482,105,3,4.0,,63.43,0.0,253.72
2483,774,14,1.0,,38.72,0.0,38.72
2484,176,1,4.0,159,16.94,20.0,54.21
2485,378,2,1.0,,26.86,0.0,26.86
2486,341,22,1.0,118,80.06,10.0,72.05
2487,872,1,1.0,,16.94,0.0,16.94
2488,764,4,1.0,,16.33,0.0,16.33
2489,898,1,1.0,,16.94,0.0,16.94
2490,333,1,1.0,,16.94,0.0,16.94
2491,494,2,4.0,56,26.86,15.0,91.32
2492,917,1,1.0,,16.94,0.0,16.94
2493,968,5,2.0,,131.73,0.0,263.46
2494,454,1,2.0,,16.94,0.0,33.88
2495,328,6,1.0,,68.1,0.0,68.1
2496,451,2,2.0,78,26.86,15.0,45.66
2497,59,1,2.0,,16.94,0.0,33.88
2498,284,2,1.0,,26.86,0.0,26.86
2499,478,50,1.0,,11.38,0.0,11.38
2500,741,2,2.0,,26.86,0.0,53.72
